"Município";"2004/Jan";"2004/Fev";"2004/Mar";"2004/Abr";"2004/Mai";"2004/Jun";"2004/Jul";"2004/Ago";"2004/Set";"2004/Out";"2004/Nov";"2004/Dez";"2005/Jan";"2005/Fev";"2005/Mar";"2005/Abr";"2005/Mai";"2005/Jun";"2005/Jul";"2005/Ago";"2005/Set";"2005/Out";"2005/Nov";"2005/Dez";"2006/Jan";"2006/Fev";"2006/Mar";"2006/Abr";"2006/Mai";"2006/Jun";"2006/Jul";"2006/Ago";"2006/Set";"2006/Out";"2006/Nov";"2006/Dez";" Total"
"110002 ARIQUEMES";"0";"0";"0";"0";"0";"0";"0";"0";"0";"0";"0";"0";"0";"0";"1";"0";"0";"0";"0";"0";"0";"0";"0";"0";"0";"0";"0";"0";"0";"0";"0";"0";"0";"0";"0";"0";"1"
"110020 PORTO VELHO";"0";"0";"1";"0";"0";"0";"0";"0";"1";"0";"0";"0";"2";"0";"0";"0";"0";"1";"0";"2";"0";"1";"0";"0";"0";"0";"0";"0";"0";"0";"0";"0";"0";"0";"0";"0";"8"
"120040 RIO BRANCO";"0";"0";"1";"0";"0";"1";"0";"0";"0";"1";"0";"0";"0";"0";"13";"0";"0";"1";"1";"2";"0";"0";"0";"0";"0";"0";"0";"0";"0";"0";"0";"1";"4";"2";"0";"0";"27"
"120043 SANTA ROSA DO PURUS";"0";"0";"0";"0";"0";"0";"0";"0";"0";"0";"0";"43";"0";"0";"0";"0";"0";"0";"0";"0";"0";"0";"0";"0";"0";"0";"0";"0";"0";"0";"0";"0";"0";"0";"0";"0";"43"
"130260 MANAUS";"1";"0";"0";"2";"7";"1";"5";"7";"5";"1";"6";"1";"5";"0";"0";"0";"0";"0";"5";"0";"0";"0";"0";"5";"0";"4";"0";"6";"6";"4";"0";"4";"3";"12";"0";"6";"96"
"130270 MANICORE";"0";"0";"0";"0";"0";"0";"0";"0";"0";"0";"0";"0";"0";"0";"0";"0";"0";"17";"0";"0";"0";"0";"0";"0";"0";"0";"0";"0";"0";"0";"0";"0";"0";"0";"0";"0";"17"
"130340 PARINTINS";"0";"0";"0";"0";"0";"0";"0";"0";"0";"0";"0";"0";"0";"0";"0";"0";"0";"0";"0";"0";"0";"0";"3";"0";"1";"0";"0";"0";"0";"0";"0";"0";"0";"0";"0";"0";"4"
"140005 ALTO ALEGRE";"0";"0";"0";"0";"0";"0";"0";"0";"0";"0";"0";"0";"0";"0";"0";"0";"0";"0";"0";"0";"0";"0";"3";"0";"0";"0";"0";"0";"0";"0";"0";"0";"0";"0";"0";"0";"3"
"140010 BOA VISTA";"1";"2";"1";"0";"1";"0";"0";"0";"0";"0";"2";"0";"0";"0";"0";"0";"0";"0";"0";"0";"0";"1";"0";"1";"0";"0";"0";"0";"0";"0";"0";"0";"2";"0";"0";"0";"11"
"150140 BELEM";"0";"0";"0";"0";"0";"0";"0";"0";"0";"0";"0";"0";"0";"0";"0";"0";"0";"0";"12";"0";"16";"15";"20";"9";"4";"4";"4";"9";"2";"9";"6";"0";"9";"6";"8";"4";"137"
"150580 PORTEL";"0";"0";"0";"0";"0";"0";"0";"0";"0";"0";"16";"0";"0";"0";"0";"0";"0";"0";"0";"0";"0";"0";"0";"0";"0";"0";"0";"0";"0";"0";"0";"0";"0";"0";"0";"0";"16"
"160030 MACAPA";"0";"0";"0";"0";"0";"0";"0";"0";"1";"1";"0";"0";"0";"0";"0";"0";"0";"0";"0";"0";"0";"0";"0";"0";"0";"0";"0";"0";"0";"0";"0";"0";"0";"0";"0";"0";"2"
"170210 ARAGUAINA";"0";"0";"0";"0";"0";"0";"0";"0";"0";"0";"0";"0";"0";"0";"0";"0";"1";"0";"1";"0";"0";"0";"0";"0";"0";"0";"0";"0";"0";"0";"0";"1";"0";"0";"0";"0";"3"
"170240 ARRAIAS";"1";"0";"0";"0";"0";"0";"0";"0";"0";"0";"0";"0";"0";"0";"0";"0";"0";"0";"0";"0";"0";"0";"0";"0";"0";"0";"0";"0";"0";"0";"0";"0";"0";"0";"0";"0";"1"
"170950 GURUPI";"0";"0";"0";"0";"0";"0";"0";"0";"1";"0";"0";"0";"0";"0";"0";"0";"0";"1";"0";"0";"0";"0";"1";"0";"0";"0";"0";"0";"0";"0";"0";"0";"0";"0";"0";"0";"3"
"171610 PARAISO DO TOCANTINS";"0";"0";"0";"0";"0";"0";"0";"0";"0";"0";"0";"0";"0";"0";"0";"0";"0";"0";"0";"0";"0";"0";"0";"0";"0";"1";"0";"0";"0";"0";"0";"0";"0";"0";"0";"0";"1"
"172100 PALMAS";"0";"0";"0";"0";"0";"0";"0";"0";"0";"0";"0";"0";"0";"0";"0";"0";"0";"0";"1";"0";"0";"0";"0";"0";"0";"0";"0";"0";"0";"0";"0";"0";"0";"0";"0";"0";"1"
"210317 CENTRO NOVO DO MARANHAO";"0";"0";"0";"0";"0";"0";"0";"0";"0";"0";"0";"0";"0";"0";"0";"0";"0";"98";"0";"0";"0";"0";"0";"0";"0";"0";"0";"0";"0";"0";"0";"0";"0";"0";"0";"0";"98"
"210330 CODO";"0";"0";"0";"0";"0";"0";"0";"0";"0";"0";"0";"0";"0";"0";"0";"0";"0";"0";"0";"0";"0";"0";"0";"0";"0";"0";"0";"0";"0";"0";"0";"3230";"0";"300";"0";"0";"3530"
"210845 PERITORO";"0";"0";"0";"0";"0";"0";"0";"0";"0";"0";"0";"0";"0";"0";"0";"0";"0";"61";"0";"0";"0";"0";"0";"0";"0";"0";"0";"0";"0";"0";"0";"0";"0";"0";"0";"0";"61"
"211130 SAO LUIS";"1";"2";"2";"1";"0";"3";"4";"2";"2";"6";"4";"0";"3";"2";"3";"2";"5";"2";"3";"0";"0";"4";"4";"0";"0";"14";"3";"0";"14";"7";"3";"6";"0";"3";"4";"6";"115"
"220500 ITAINOPOLIS";"0";"0";"0";"0";"0";"0";"0";"0";"0";"0";"0";"0";"0";"0";"0";"0";"0";"0";"0";"0";"1";"0";"0";"0";"0";"0";"0";"0";"0";"0";"0";"0";"0";"0";"0";"0";"1"
"221100 TERESINA";"3";"0";"0";"2";"3";"0";"0";"1";"0";"0";"1";"1";"1";"2";"0";"0";"0";"0";"0";"1";"0";"4";"0";"1";"2";"2";"0";"1";"1";"1";"1";"3";"1";"0";"0";"2";"34"
"230280 CANINDE";"0";"0";"0";"0";"0";"0";"0";"0";"0";"0";"0";"0";"0";"0";"0";"0";"0";"0";"0";"0";"0";"0";"2";"0";"0";"0";"0";"0";"0";"0";"0";"0";"0";"0";"0";"0";"2"
"230370 CAUCAIA";"0";"0";"0";"0";"0";"0";"0";"0";"0";"0";"0";"0";"0";"0";"0";"0";"0";"0";"0";"0";"0";"0";"0";"0";"0";"0";"0";"0";"1";"0";"0";"0";"0";"0";"0";"0";"1"
"230440 FORTALEZA";"2";"0";"0";"1";"3";"2";"1";"1";"0";"0";"0";"0";"1";"1";"2";"0";"0";"0";"0";"0";"0";"0";"0";"4";"0";"2";"3";"0";"3";"0";"0";"0";"0";"0";"0";"0";"26"
"230630 ITAPAGE";"0";"0";"0";"0";"0";"0";"0";"0";"0";"0";"0";"0";"0";"0";"0";"0";"0";"0";"0";"0";"0";"0";"0";"0";"0";"1";"0";"0";"0";"0";"0";"0";"0";"0";"0";"0";"1"
"230950 OROS";"0";"0";"0";"0";"0";"0";"0";"0";"0";"0";"0";"0";"0";"0";"0";"0";"0";"0";"0";"0";"0";"0";"0";"0";"0";"1";"0";"0";"0";"0";"0";"0";"0";"0";"0";"0";"1"
"231130 QUIXADA";"0";"0";"0";"0";"0";"0";"0";"0";"0";"0";"0";"0";"0";"0";"0";"0";"0";"0";"0";"1";"0";"0";"0";"0";"0";"0";"0";"0";"0";"0";"0";"0";"0";"0";"0";"0";"1"
"231290 SOBRAL";"0";"0";"0";"0";"0";"0";"0";"0";"0";"0";"0";"1";"0";"0";"0";"0";"0";"0";"0";"0";"0";"0";"0";"0";"0";"0";"0";"0";"0";"0";"0";"0";"0";"0";"0";"0";"1"
"240810 NATAL";"0";"0";"0";"0";"0";"0";"0";"0";"0";"0";"0";"1";"0";"1";"0";"2";"0";"0";"1";"0";"1";"1";"1";"1";"40";"27";"30";"23";"30";"2";"6";"5";"8";"3";"0";"1";"184"
"241440 TOUROS";"0";"0";"0";"0";"0";"0";"0";"0";"0";"0";"0";"0";"0";"0";"0";"0";"0";"0";"0";"0";"0";"0";"0";"0";"0";"0";"0";"0";"6";"0";"0";"0";"0";"0";"0";"0";"6"
"261160 RECIFE";"0";"0";"0";"0";"0";"0";"0";"0";"1";"0";"0";"0";"0";"0";"0";"0";"0";"0";"38";"3";"24";"2";"1";"0";"0";"0";"0";"0";"0";"0";"0";"0";"0";"26";"0";"0";"95"
"261280 SANTA TEREZINHA";"0";"0";"0";"0";"0";"0";"0";"28";"0";"0";"0";"0";"0";"0";"0";"0";"0";"0";"0";"0";"0";"0";"0";"0";"0";"0";"0";"0";"0";"0";"0";"0";"0";"0";"0";"0";"28"
"270430 MACEIO";"0";"1";"3";"0";"0";"0";"0";"0";"0";"0";"0";"2";"0";"0";"0";"0";"0";"0";"0";"0";"0";"0";"0";"0";"0";"0";"0";"0";"0";"0";"0";"0";"0";"0";"0";"0";"6"
"270642 PARICONHA";"0";"0";"0";"0";"0";"0";"0";"0";"0";"0";"0";"0";"0";"0";"0";"0";"0";"0";"0";"0";"3";"0";"0";"0";"0";"0";"0";"0";"0";"0";"0";"0";"0";"0";"0";"0";"3"
"270670 PENEDO";"0";"0";"0";"0";"0";"0";"0";"0";"0";"0";"0";"0";"0";"0";"0";"0";"0";"0";"0";"0";"0";"0";"0";"0";"0";"0";"0";"0";"0";"0";"0";"0";"1";"0";"0";"0";"1"
"270840 SAO JOSE DA TAPERA";"0";"0";"0";"0";"0";"0";"0";"0";"0";"0";"0";"0";"0";"0";"0";"0";"0";"41";"0";"0";"0";"0";"0";"0";"0";"0";"0";"0";"0";"0";"0";"0";"0";"0";"0";"0";"41"
"280030 ARACAJU";"1";"2";"1";"0";"1";"1";"1";"0";"0";"0";"0";"0";"0";"0";"0";"1";"0";"0";"0";"0";"1";"0";"0";"0";"0";"0";"0";"2";"1";"0";"1";"0";"3";"2";"0";"0";"18"
"290320 BARREIRAS";"0";"0";"0";"0";"0";"0";"0";"0";"0";"0";"0";"0";"0";"0";"0";"0";"0";"0";"0";"0";"0";"0";"0";"0";"0";"0";"0";"0";"0";"0";"0";"0";"0";"0";"2";"0";"2"
"290390 BOM JESUS DA LAPA";"0";"0";"0";"0";"0";"0";"0";"0";"0";"0";"0";"0";"0";"0";"0";"0";"0";"0";"0";"0";"0";"0";"0";"0";"0";"0";"0";"0";"0";"0";"0";"0";"0";"0";"0";"1";"1"
"290500 CACULE";"0";"0";"0";"0";"0";"0";"0";"0";"0";"0";"0";"0";"0";"0";"0";"0";"0";"0";"0";"0";"0";"0";"0";"0";"0";"0";"1";"0";"0";"1";"0";"0";"0";"0";"0";"0";"2"
"290580 CAMAMU";"0";"0";"0";"0";"0";"1";"0";"0";"0";"0";"0";"0";"0";"0";"0";"0";"0";"0";"0";"0";"0";"0";"0";"0";"0";"0";"0";"0";"0";"0";"0";"0";"0";"0";"0";"0";"1"
"290610 CANAPOLIS";"0";"0";"0";"0";"0";"0";"1";"0";"0";"0";"0";"0";"0";"0";"0";"0";"0";"0";"0";"0";"0";"0";"0";"0";"0";"0";"0";"0";"0";"0";"0";"0";"0";"0";"0";"0";"1"
"291080 FEIRA DE SANTANA";"0";"0";"0";"0";"0";"0";"0";"0";"0";"0";"0";"2";"0";"1";"1";"2";"0";"0";"0";"0";"3";"1";"0";"0";"0";"0";"0";"2";"0";"1";"0";"0";"2";"2";"1";"0";"18"
"291300 IBITIARA";"0";"0";"0";"0";"0";"0";"0";"1";"0";"0";"0";"0";"0";"0";"0";"0";"0";"0";"0";"0";"0";"0";"0";"0";"0";"0";"0";"0";"0";"0";"0";"0";"0";"0";"0";"0";"1"
"291480 ITABUNA";"0";"0";"0";"0";"0";"0";"0";"0";"0";"0";"0";"0";"3";"0";"0";"0";"0";"0";"0";"0";"0";"0";"0";"0";"0";"0";"0";"0";"0";"1";"0";"0";"0";"0";"0";"0";"4"
"291670 ITAQUARA";"0";"0";"0";"0";"0";"0";"0";"0";"0";"0";"11";"0";"0";"0";"0";"0";"0";"0";"0";"0";"0";"0";"0";"0";"0";"0";"0";"0";"0";"0";"0";"0";"0";"0";"0";"0";"11"
"292120 MIGUEL CALMON";"0";"0";"0";"0";"0";"0";"0";"0";"0";"0";"0";"0";"0";"0";"0";"0";"0";"0";"1";"0";"0";"0";"0";"0";"0";"0";"0";"0";"0";"0";"0";"0";"0";"0";"0";"0";"1"
"292275 NOVA IBIA";"0";"0";"0";"5";"0";"0";"0";"0";"0";"0";"0";"0";"0";"0";"0";"0";"0";"0";"0";"0";"0";"0";"0";"0";"0";"0";"0";"0";"0";"0";"0";"0";"0";"0";"0";"0";"5"
"292530 PORTO SEGURO";"0";"0";"0";"0";"0";"0";"0";"0";"0";"0";"0";"0";"0";"0";"0";"0";"0";"0";"0";"0";"0";"0";"0";"0";"1";"0";"0";"0";"0";"0";"0";"1";"0";"0";"0";"0";"2"
"292690 RIO DO PIRES";"0";"0";"0";"0";"0";"0";"0";"0";"0";"0";"0";"0";"0";"0";"0";"4";"0";"0";"0";"0";"0";"0";"0";"0";"0";"0";"0";"0";"0";"0";"0";"0";"0";"0";"0";"0";"4"
"292740 SALVADOR";"0";"0";"0";"0";"4";"1";"0";"0";"0";"0";"0";"0";"0";"0";"0";"0";"0";"122";"0";"1";"0";"2";"0";"4";"2";"4";"2";"1";"7";"6";"6";"14";"6";"10";"0";"1";"193"
"292870 SANTO ANTONIO DE JESUS";"0";"0";"0";"2";"0";"0";"0";"0";"0";"0";"0";"0";"0";"0";"0";"0";"0";"0";"0";"0";"0";"0";"0";"0";"0";"0";"0";"0";"0";"0";"0";"0";"0";"0";"0";"0";"2"
"293330 VITORIA DA CONQUISTA";"0";"0";"0";"0";"0";"1";"1";"0";"0";"0";"0";"0";"0";"0";"0";"0";"0";"0";"0";"0";"0";"0";"0";"0";"0";"0";"0";"0";"1";"0";"1";"0";"0";"0";"0";"0";"4"
"310160 ALFENAS";"1";"1";"0";"0";"0";"0";"0";"1";"0";"0";"0";"0";"0";"0";"0";"0";"0";"0";"0";"0";"4";"0";"0";"1";"1";"1";"0";"0";"0";"0";"0";"0";"0";"0";"0";"1";"11"
"310170 ALMENARA";"0";"0";"0";"0";"0";"0";"0";"0";"0";"0";"0";"0";"0";"0";"0";"0";"4";"0";"0";"0";"0";"0";"0";"0";"0";"0";"0";"0";"0";"0";"0";"0";"0";"0";"0";"0";"4"
"310560 BARBACENA";"0";"0";"0";"0";"0";"0";"0";"0";"1";"0";"0";"0";"0";"0";"0";"0";"0";"0";"0";"0";"0";"0";"0";"0";"0";"0";"1";"0";"0";"0";"0";"1";"0";"0";"0";"0";"3"
"310620 BELO HORIZONTE";"10";"9";"12";"5";"9";"9";"16";"12";"15";"5";"2";"8";"10";"7";"8";"9";"13";"14";"18";"18";"2";"12";"18";"12";"24";"7";"20";"15";"31";"13";"22";"20";"14";"17";"36";"39";"511"
"310730 BOCAIUVA";"0";"0";"0";"0";"0";"0";"0";"0";"0";"0";"0";"0";"0";"0";"0";"0";"0";"1";"0";"0";"0";"0";"0";"0";"0";"0";"0";"0";"0";"0";"0";"0";"0";"0";"0";"0";"1"
"311260 CAPINOPOLIS";"0";"0";"0";"0";"0";"0";"0";"0";"0";"0";"0";"0";"0";"0";"0";"0";"0";"0";"0";"0";"0";"0";"0";"0";"1";"0";"0";"0";"0";"1";"0";"0";"0";"0";"0";"0";"2"
"311290 CAPUTIRA";"1";"0";"0";"0";"0";"0";"0";"0";"0";"0";"0";"0";"0";"0";"0";"0";"0";"0";"0";"0";"0";"0";"0";"0";"0";"0";"0";"0";"0";"0";"0";"0";"0";"0";"0";"0";"1"
"311410 CARMO DE MINAS";"0";"0";"0";"0";"0";"0";"0";"0";"0";"0";"0";"0";"0";"0";"0";"0";"0";"0";"0";"0";"0";"0";"0";"0";"0";"0";"0";"0";"0";"0";"1";"0";"0";"0";"0";"0";"1"
"311420 CARMO DO CAJURU";"0";"0";"0";"0";"1";"0";"0";"0";"0";"0";"0";"0";"0";"0";"0";"0";"0";"0";"0";"0";"0";"0";"0";"0";"0";"0";"0";"0";"0";"0";"0";"0";"0";"0";"0";"0";"1"
"311460 CARRANCAS";"0";"0";"0";"0";"0";"0";"0";"0";"1";"0";"0";"0";"0";"0";"0";"0";"0";"0";"0";"0";"0";"0";"0";"0";"0";"0";"0";"0";"0";"0";"0";"0";"0";"0";"0";"0";"1"
"311830 CONSELHEIRO LAFAIETE";"0";"0";"0";"0";"0";"0";"0";"0";"0";"1";"0";"0";"0";"0";"0";"0";"0";"0";"0";"0";"0";"0";"0";"0";"0";"0";"0";"0";"0";"0";"0";"0";"0";"0";"0";"0";"1"
"311860 CONTAGEM";"0";"0";"0";"0";"0";"0";"0";"0";"0";"0";"0";"0";"0";"0";"0";"0";"0";"1";"1";"0";"0";"0";"0";"0";"0";"0";"0";"0";"0";"0";"0";"0";"0";"0";"0";"0";"2"
"312240 DIVISA NOVA";"0";"0";"0";"0";"0";"0";"0";"1";"0";"0";"0";"0";"0";"0";"0";"0";"0";"0";"0";"0";"0";"0";"0";"0";"0";"0";"0";"0";"0";"0";"0";"0";"0";"0";"0";"0";"1"
"312910 GURINHATA";"0";"0";"0";"0";"0";"0";"0";"0";"0";"0";"0";"0";"0";"0";"0";"0";"0";"0";"0";"0";"0";"0";"0";"0";"0";"0";"0";"0";"0";"0";"0";"0";"0";"1";"0";"0";"1"
"313170 ITABIRA";"0";"0";"0";"0";"0";"0";"0";"0";"0";"0";"0";"0";"0";"0";"0";"0";"0";"0";"0";"0";"0";"0";"0";"0";"0";"0";"0";"0";"0";"0";"0";"1";"0";"0";"0";"0";"1"
"313240 ITAJUBA";"0";"0";"0";"0";"0";"1";"0";"0";"0";"1";"0";"0";"0";"0";"0";"0";"0";"0";"0";"0";"0";"0";"0";"0";"0";"0";"1";"0";"0";"2";"0";"0";"0";"0";"0";"1";"6"
"313380 ITAUNA";"0";"1";"0";"0";"0";"0";"0";"0";"0";"0";"0";"1";"0";"0";"0";"1";"0";"1";"0";"2";"0";"0";"0";"0";"0";"0";"0";"0";"0";"0";"0";"0";"0";"1";"0";"0";"7"
"313420 ITUIUTABA";"1";"0";"0";"0";"1";"0";"0";"0";"0";"1";"0";"0";"0";"0";"1";"0";"0";"0";"0";"0";"0";"0";"0";"0";"2";"0";"0";"0";"2";"0";"0";"0";"1";"0";"0";"0";"9"
"313510 JANAUBA";"0";"0";"0";"0";"0";"0";"0";"0";"0";"0";"0";"1";"0";"0";"0";"0";"0";"0";"0";"0";"0";"0";"0";"0";"0";"0";"0";"0";"0";"0";"0";"0";"0";"0";"0";"0";"1"
"313620 JOAO MONLEVADE";"0";"0";"0";"0";"0";"0";"0";"0";"0";"0";"0";"0";"0";"0";"0";"0";"0";"0";"0";"0";"0";"0";"0";"0";"2";"5";"3";"0";"0";"0";"0";"0";"0";"0";"0";"0";"10"
"313670 JUIZ DE FORA";"0";"0";"0";"0";"0";"0";"0";"0";"0";"0";"1";"0";"0";"0";"0";"0";"0";"0";"0";"0";"0";"0";"0";"1";"1";"0";"1";"0";"0";"0";"1";"0";"0";"0";"0";"2";"7"
"313820 LAVRAS";"0";"0";"0";"0";"0";"0";"0";"0";"0";"0";"0";"0";"0";"0";"0";"0";"0";"0";"0";"0";"0";"0";"0";"0";"0";"0";"0";"0";"0";"0";"0";"0";"0";"0";"0";"1";"1"
"313940 MANHUACU";"0";"0";"0";"0";"0";"0";"0";"0";"0";"0";"0";"0";"0";"0";"0";"0";"0";"0";"0";"0";"0";"0";"0";"0";"0";"0";"0";"0";"0";"0";"0";"0";"0";"0";"0";"1";"1"
"313980 MAR DE ESPANHA";"0";"0";"0";"0";"0";"0";"0";"0";"0";"0";"0";"0";"0";"0";"0";"0";"0";"0";"0";"0";"0";"0";"0";"0";"0";"0";"0";"0";"0";"1";"0";"0";"0";"0";"0";"0";"1"
"314080 MATIAS BARBOSA";"0";"0";"0";"0";"0";"0";"0";"0";"0";"0";"0";"0";"1";"0";"0";"0";"0";"0";"0";"0";"0";"0";"0";"0";"0";"0";"0";"0";"0";"0";"0";"0";"0";"0";"0";"0";"1"
"314280 MONTE ALEGRE DE MINAS";"0";"0";"0";"0";"0";"0";"0";"0";"0";"0";"0";"0";"0";"0";"0";"0";"0";"0";"0";"0";"0";"0";"0";"0";"0";"0";"0";"0";"0";"1";"0";"0";"0";"0";"0";"0";"1"
"314310 MONTE CARMELO";"0";"0";"0";"0";"0";"0";"0";"0";"0";"0";"0";"0";"0";"0";"0";"0";"0";"0";"0";"0";"0";"0";"0";"0";"0";"0";"0";"0";"0";"0";"0";"1";"0";"0";"0";"0";"1"
"314330 MONTES CLAROS";"0";"0";"0";"0";"0";"0";"0";"0";"0";"0";"0";"0";"1";"0";"0";"0";"0";"0";"0";"0";"0";"0";"0";"0";"1";"0";"0";"0";"0";"0";"0";"0";"0";"0";"2";"0";"4"
"314410 MUZAMBINHO";"0";"0";"0";"0";"0";"0";"0";"0";"0";"0";"0";"0";"0";"0";"0";"0";"0";"0";"0";"0";"0";"0";"1";"0";"0";"0";"0";"0";"0";"0";"0";"0";"0";"0";"0";"0";"1"
"314460 NEPOMUCENO";"0";"0";"0";"0";"0";"0";"0";"0";"0";"0";"0";"0";"0";"0";"0";"0";"0";"0";"0";"0";"0";"0";"0";"0";"1";"0";"0";"0";"0";"0";"0";"0";"0";"1";"2";"0";"4"
"314520 NOVA SERRANA";"0";"0";"0";"0";"0";"0";"0";"0";"0";"0";"0";"0";"1";"0";"0";"0";"0";"0";"0";"0";"0";"0";"0";"0";"0";"0";"0";"0";"0";"0";"0";"0";"0";"0";"0";"0";"1"
"314700 PARACATU";"0";"0";"0";"0";"0";"0";"0";"0";"0";"0";"0";"0";"0";"0";"0";"0";"0";"0";"0";"0";"0";"0";"1";"0";"3";"0";"0";"0";"0";"0";"0";"0";"0";"0";"0";"0";"4"
"314730 PARAISOPOLIS";"0";"0";"0";"0";"0";"0";"0";"0";"0";"0";"0";"0";"0";"0";"0";"0";"0";"0";"0";"0";"0";"0";"0";"0";"0";"1";"0";"0";"0";"0";"0";"0";"0";"0";"0";"0";"1"
"314790 PASSOS";"0";"0";"0";"0";"0";"0";"0";"0";"0";"0";"1";"0";"0";"0";"0";"0";"0";"0";"1";"0";"0";"0";"0";"2";"0";"0";"0";"0";"0";"0";"0";"0";"0";"0";"0";"0";"4"
"314800 PATOS DE MINAS";"0";"0";"0";"0";"0";"0";"0";"0";"0";"0";"0";"0";"0";"0";"0";"0";"0";"0";"0";"0";"0";"0";"0";"0";"0";"0";"0";"0";"0";"0";"0";"0";"0";"1";"0";"0";"1"
"314810 PATROCINIO";"2";"2";"0";"0";"0";"0";"0";"0";"0";"0";"0";"0";"0";"0";"0";"0";"0";"0";"0";"0";"0";"0";"0";"0";"0";"0";"0";"0";"0";"0";"0";"0";"0";"0";"0";"0";"4"
"314950 PEQUERI";"0";"0";"0";"0";"0";"0";"0";"0";"0";"0";"0";"0";"0";"0";"1";"0";"0";"0";"0";"0";"0";"0";"0";"0";"0";"0";"0";"0";"0";"0";"0";"0";"0";"0";"0";"0";"1"
"315100 PIRANGUINHO";"0";"0";"0";"0";"0";"0";"0";"0";"0";"0";"0";"0";"0";"1";"0";"0";"0";"0";"0";"0";"0";"0";"0";"0";"0";"0";"0";"0";"0";"0";"0";"0";"0";"0";"0";"0";"1"
"315180 POCOS DE CALDAS";"0";"0";"1";"0";"0";"0";"0";"1";"0";"0";"0";"0";"0";"0";"0";"0";"0";"0";"0";"0";"0";"0";"0";"0";"0";"0";"0";"0";"0";"0";"0";"0";"0";"0";"0";"0";"2"
"315220 PORTEIRINHA";"0";"0";"0";"0";"0";"0";"0";"0";"0";"0";"0";"0";"1";"0";"0";"0";"0";"0";"0";"0";"0";"0";"0";"0";"0";"0";"0";"0";"0";"0";"0";"0";"0";"0";"0";"0";"1"
"315370 QUARTEL GERAL";"0";"0";"0";"0";"0";"0";"0";"0";"0";"0";"0";"0";"0";"0";"0";"0";"0";"0";"0";"0";"0";"0";"0";"0";"1";"0";"0";"0";"0";"0";"0";"0";"0";"0";"0";"0";"1"
"315570 RIO PIRACICABA";"0";"0";"0";"0";"0";"2";"0";"0";"0";"0";"0";"0";"0";"0";"0";"0";"0";"0";"0";"0";"0";"0";"0";"0";"0";"0";"0";"0";"0";"0";"0";"0";"0";"0";"0";"0";"2"
"315610 RITAPOLIS";"0";"0";"0";"0";"1";"0";"0";"0";"0";"0";"0";"0";"0";"0";"0";"0";"0";"0";"0";"0";"0";"0";"0";"0";"0";"0";"0";"0";"0";"0";"0";"0";"0";"0";"0";"0";"1"
"315720 SANTA BARBARA";"0";"0";"0";"0";"0";"0";"0";"0";"0";"0";"0";"0";"0";"0";"0";"1";"0";"0";"0";"0";"0";"0";"0";"0";"0";"0";"0";"0";"0";"0";"0";"0";"0";"0";"0";"0";"1"
"316200 SAO GONCALO DO SAPUCAI";"0";"0";"0";"0";"0";"0";"0";"0";"0";"0";"1";"0";"0";"0";"0";"0";"0";"0";"0";"0";"0";"0";"0";"0";"0";"0";"0";"0";"0";"0";"0";"0";"0";"0";"0";"0";"1"
"316340 SAO JOSE DO GOIABAL";"0";"0";"0";"0";"0";"1";"0";"0";"0";"0";"0";"0";"0";"0";"0";"0";"0";"0";"0";"0";"0";"0";"0";"0";"0";"0";"0";"0";"0";"0";"0";"0";"0";"0";"0";"0";"1"
"316370 SAO LOURENCO";"0";"0";"0";"0";"0";"0";"0";"0";"0";"0";"0";"0";"0";"0";"0";"0";"0";"0";"0";"0";"0";"0";"1";"0";"0";"1";"0";"0";"2";"0";"1";"0";"0";"0";"0";"0";"5"
"316400 SAO PEDRO DOS FERROS";"0";"0";"0";"0";"0";"0";"0";"0";"0";"0";"0";"0";"0";"0";"0";"0";"0";"0";"0";"0";"0";"0";"0";"0";"0";"0";"0";"0";"0";"0";"0";"0";"1";"0";"0";"0";"1"
"316470 SAO SEBASTIAO DO PARAISO";"0";"0";"0";"0";"0";"0";"1";"0";"0";"0";"0";"1";"0";"0";"0";"0";"0";"0";"0";"0";"0";"0";"0";"0";"0";"0";"0";"0";"0";"0";"0";"0";"0";"0";"0";"2";"4"
"316940 TRES PONTAS";"1";"0";"0";"0";"0";"0";"0";"0";"0";"0";"0";"0";"0";"0";"0";"0";"0";"0";"0";"0";"0";"0";"0";"0";"0";"0";"0";"0";"0";"0";"0";"0";"0";"0";"0";"0";"1"
"317020 UBERLANDIA";"1";"0";"0";"4";"5";"2";"1";"1";"1";"0";"0";"0";"0";"1";"3";"0";"0";"1";"0";"0";"0";"3";"1";"0";"3";"3";"4";"4";"3";"3";"4";"2";"6";"2";"2";"4";"64"
"317070 VARGINHA";"0";"0";"0";"0";"0";"0";"0";"0";"0";"0";"0";"1";"0";"0";"0";"0";"0";"0";"0";"0";"0";"0";"0";"0";"1";"0";"0";"0";"0";"0";"1";"0";"0";"0";"1";"0";"4"
"317130 VICOSA";"0";"0";"0";"0";"0";"0";"0";"0";"0";"0";"0";"0";"0";"0";"0";"0";"0";"0";"0";"0";"0";"0";"1";"0";"0";"0";"0";"0";"0";"0";"0";"0";"0";"0";"0";"0";"1"
"317210 VOLTA GRANDE";"0";"0";"0";"0";"0";"0";"0";"0";"0";"0";"0";"0";"0";"0";"0";"0";"0";"0";"0";"5";"0";"0";"0";"0";"0";"0";"0";"0";"0";"0";"0";"0";"0";"0";"0";"0";"5"
"320120 CACHOEIRO DE ITAPEMIRIM";"0";"0";"0";"0";"0";"0";"0";"0";"0";"0";"0";"0";"0";"0";"0";"0";"0";"0";"0";"0";"0";"0";"0";"0";"0";"0";"0";"0";"0";"0";"1";"0";"1";"0";"0";"0";"2"
"320190 DOMINGOS MARTINS";"0";"0";"0";"2";"0";"0";"0";"0";"0";"0";"0";"0";"0";"0";"0";"0";"0";"0";"0";"0";"0";"0";"0";"0";"0";"0";"0";"0";"0";"0";"0";"0";"0";"0";"0";"0";"2"
"320230 GUACUI";"0";"0";"0";"0";"0";"0";"0";"0";"0";"0";"0";"0";"0";"0";"0";"0";"0";"0";"0";"0";"0";"0";"0";"0";"0";"0";"0";"0";"0";"0";"0";"0";"0";"0";"0";"1";"1"
"320280 ITAPEMIRIM";"0";"0";"0";"0";"0";"0";"0";"0";"0";"0";"0";"0";"0";"0";"0";"0";"0";"0";"0";"0";"0";"0";"0";"0";"0";"0";"0";"0";"0";"0";"0";"0";"0";"0";"0";"1";"1"
"320305 JAGUARE";"0";"0";"0";"0";"0";"0";"0";"0";"0";"0";"0";"0";"0";"0";"0";"0";"0";"0";"0";"0";"0";"0";"0";"0";"0";"0";"0";"5";"0";"0";"0";"0";"0";"0";"0";"1";"6"
"320334 MARECHAL FLORIANO";"0";"0";"0";"0";"0";"0";"0";"0";"0";"1";"0";"0";"0";"0";"0";"0";"0";"0";"0";"0";"0";"0";"0";"0";"0";"0";"0";"0";"0";"0";"0";"0";"0";"0";"0";"0";"1"
"320335 MARILANDIA";"0";"0";"0";"2";"0";"0";"0";"0";"0";"0";"0";"0";"0";"0";"0";"0";"0";"0";"0";"0";"0";"0";"0";"0";"0";"0";"0";"0";"0";"0";"0";"0";"0";"0";"0";"0";"2"
"320530 VITORIA";"6";"9";"14";"14";"3";"3";"2";"1";"0";"3";"0";"0";"6";"8";"3";"7";"2";"1";"6";"5";"4";"0";"15";"3";"6";"7";"8";"6";"7";"0";"5";"7";"8";"21";"11";"9";"210"
"330010 ANGRA DOS REIS";"1";"0";"0";"0";"0";"0";"0";"0";"0";"1";"0";"0";"0";"0";"1";"0";"0";"1";"0";"0";"0";"0";"0";"2";"0";"0";"1";"0";"0";"0";"0";"0";"0";"1";"0";"0";"8"
"330070 CABO FRIO";"0";"0";"0";"0";"0";"0";"0";"0";"0";"0";"1";"0";"0";"0";"0";"0";"0";"0";"0";"0";"0";"0";"0";"0";"2";"0";"0";"0";"0";"0";"0";"0";"0";"1";"1";"1";"6"
"330220 ITAPERUNA";"2";"1";"2";"0";"1";"0";"1";"0";"0";"0";"0";"2";"0";"0";"0";"0";"0";"0";"0";"0";"0";"0";"2";"0";"0";"1";"3";"0";"0";"0";"1";"0";"0";"1";"2";"0";"19"
"330270 MARICA";"0";"0";"0";"0";"0";"0";"0";"0";"0";"1";"0";"0";"0";"0";"0";"0";"0";"0";"0";"0";"4";"0";"0";"0";"0";"0";"0";"0";"0";"0";"4";"0";"0";"0";"0";"0";"9"
"330310 NATIVIDADE";"0";"1";"0";"2";"0";"1";"0";"0";"0";"1";"0";"0";"0";"0";"0";"0";"0";"0";"1";"0";"0";"0";"0";"0";"0";"0";"0";"0";"0";"0";"0";"0";"0";"0";"0";"0";"6"
"330370 PARAIBA DO SUL";"0";"0";"0";"0";"0";"0";"0";"0";"0";"0";"0";"0";"0";"0";"0";"0";"0";"0";"0";"0";"0";"0";"0";"0";"0";"0";"0";"0";"0";"0";"0";"0";"0";"1";"0";"0";"1"
"330380 PARATY";"0";"0";"0";"0";"0";"2";"0";"0";"0";"0";"0";"0";"0";"0";"0";"0";"0";"0";"0";"1";"0";"0";"0";"0";"0";"0";"0";"0";"0";"0";"0";"0";"1";"0";"0";"0";"4"
"330390 PETROPOLIS";"0";"0";"0";"0";"0";"0";"0";"0";"0";"0";"0";"0";"0";"0";"0";"0";"1";"0";"0";"0";"0";"0";"0";"0";"0";"0";"0";"0";"0";"0";"0";"0";"0";"0";"0";"0";"1"
"330400 PIRAI";"0";"0";"0";"0";"0";"0";"0";"0";"0";"0";"0";"0";"0";"1";"0";"0";"0";"0";"0";"0";"0";"0";"0";"0";"0";"0";"0";"0";"0";"0";"0";"0";"0";"0";"0";"0";"1"
"330455 RIO DE JANEIRO";"0";"0";"0";"0";"0";"0";"0";"18";"12";"10";"17";"5";"13";"0";"19";"12";"18";"14";"25";"7";"5";"15";"12";"24";"22";"9";"0";"14";"0";"0";"0";"0";"0";"0";"0";"0";"271"
"330500 SAO JOAO DA BARRA";"0";"0";"0";"0";"0";"0";"0";"0";"0";"0";"0";"0";"0";"0";"0";"0";"0";"0";"0";"0";"0";"0";"0";"0";"0";"0";"0";"0";"0";"0";"0";"0";"0";"0";"0";"1";"1"
"330630 VOLTA REDONDA";"1";"0";"0";"0";"0";"1";"0";"1";"0";"0";"0";"0";"0";"0";"0";"0";"1";"0";"0";"0";"0";"0";"0";"0";"0";"0";"0";"0";"0";"0";"0";"0";"0";"0";"0";"0";"4"
"350010 ADAMANTINA";"0";"0";"0";"0";"0";"0";"0";"1";"1";"0";"0";"0";"0";"0";"0";"0";"0";"0";"0";"0";"0";"0";"0";"0";"0";"0";"2";"0";"0";"1";"0";"0";"0";"0";"0";"0";"5"
"350050 AGUAS DE LINDOIA";"0";"0";"0";"0";"0";"1";"1";"0";"0";"0";"0";"0";"0";"0";"0";"0";"0";"0";"0";"0";"0";"0";"0";"0";"0";"0";"0";"0";"0";"0";"0";"0";"0";"0";"0";"0";"2"
"350070 AGUDOS";"0";"0";"0";"0";"0";"0";"0";"0";"0";"0";"0";"0";"0";"0";"0";"0";"0";"0";"0";"0";"0";"0";"0";"0";"0";"0";"0";"0";"0";"0";"0";"0";"0";"0";"0";"1";"1"
"350160 AMERICANA";"10";"11";"11";"4";"31";"12";"6";"23";"27";"10";"13";"13";"24";"11";"33";"15";"23";"19";"11";"18";"12";"26";"14";"6";"31";"9";"4";"9";"29";"9";"12";"10";"12";"15";"9";"23";"555"
"350170 AMERICO BRASILIENSE";"0";"0";"0";"0";"0";"0";"0";"0";"0";"1";"0";"0";"0";"0";"0";"0";"0";"0";"0";"0";"0";"0";"0";"0";"0";"0";"0";"0";"0";"0";"0";"0";"0";"0";"0";"0";"1"
"350190 AMPARO";"0";"0";"0";"0";"0";"0";"0";"0";"0";"0";"0";"0";"0";"0";"0";"0";"0";"0";"0";"0";"0";"0";"0";"0";"0";"0";"0";"1";"0";"0";"1";"0";"0";"0";"0";"0";"2"
"350250 APARECIDA";"0";"0";"0";"0";"0";"0";"0";"0";"0";"0";"0";"0";"0";"0";"0";"0";"0";"0";"0";"0";"0";"0";"0";"0";"0";"0";"0";"0";"0";"1";"0";"0";"0";"0";"0";"0";"1"
"350280 ARACATUBA";"14";"16";"10";"5";"9";"11";"16";"15";"21";"10";"28";"18";"13";"9";"16";"9";"15";"13";"16";"10";"11";"17";"12";"14";"11";"14";"7";"7";"4";"5";"10";"5";"6";"8";"6";"6";"417"
"350320 ARARAQUARA";"0";"5";"5";"4";"2";"6";"1";"4";"8";"7";"7";"4";"3";"3";"6";"5";"7";"2";"5";"1";"2";"1";"0";"7";"7";"2";"8";"16";"9";"1";"4";"3";"10";"2";"7";"1";"165"
"350330 ARARAS";"0";"0";"0";"0";"0";"0";"0";"0";"0";"0";"0";"0";"0";"1";"1";"4";"1";"3";"0";"2";"1";"0";"2";"2";"3";"2";"3";"3";"1";"0";"1";"1";"0";"1";"1";"0";"33"
"350340 AREALVA";"0";"0";"0";"0";"0";"0";"0";"0";"0";"0";"0";"0";"0";"0";"0";"0";"0";"0";"0";"0";"0";"0";"0";"0";"0";"1";"0";"0";"0";"0";"0";"1";"0";"0";"0";"0";"2"
"350400 ASSIS";"0";"0";"0";"0";"0";"0";"0";"0";"0";"0";"0";"0";"0";"0";"0";"0";"0";"0";"0";"0";"0";"0";"0";"0";"0";"0";"3";"2";"0";"0";"0";"0";"0";"2";"0";"0";"7"
"350410 ATIBAIA";"4";"4";"3";"8";"10";"10";"7";"9";"6";"8";"8";"4";"4";"11";"6";"2";"6";"2";"6";"10";"6";"3";"6";"4";"0";"5";"3";"4";"7";"6";"6";"10";"6";"3";"3";"6";"206"
"350420 AURIFLAMA";"0";"0";"0";"0";"0";"0";"0";"0";"0";"0";"0";"0";"0";"0";"0";"0";"0";"0";"0";"0";"0";"0";"0";"0";"0";"0";"0";"0";"0";"0";"0";"1";"0";"0";"0";"0";"1"
"350440 AVANHANDAVA";"1";"0";"0";"0";"0";"0";"0";"0";"0";"0";"0";"0";"0";"0";"0";"0";"0";"0";"0";"0";"0";"0";"0";"0";"0";"0";"0";"0";"0";"0";"0";"0";"0";"0";"0";"0";"1"
"350520 BARIRI";"0";"0";"0";"0";"0";"0";"0";"0";"0";"0";"0";"0";"0";"0";"0";"0";"0";"0";"0";"0";"0";"0";"0";"0";"0";"1";"0";"1";"0";"0";"0";"0";"0";"0";"0";"0";"2"
"350530 BARRA BONITA";"0";"0";"0";"0";"0";"0";"0";"0";"0";"0";"0";"0";"0";"0";"0";"0";"0";"0";"0";"0";"0";"0";"0";"0";"0";"0";"0";"0";"0";"0";"0";"0";"0";"0";"1";"0";"1"
"350550 BARRETOS";"0";"0";"0";"0";"0";"0";"0";"0";"0";"0";"0";"0";"0";"0";"0";"0";"0";"0";"0";"0";"0";"0";"0";"1";"0";"0";"0";"0";"0";"0";"0";"0";"0";"0";"0";"0";"1"
"350570 BARUERI";"0";"0";"0";"0";"0";"34";"0";"0";"0";"38";"9";"9";"18";"0";"21";"6";"0";"29";"9";"0";"19";"14";"0";"14";"0";"18";"5";"5";"0";"84";"4";"0";"0";"6";"1";"52";"395"
"350580 BASTOS";"0";"0";"0";"0";"0";"0";"0";"0";"0";"0";"0";"0";"0";"0";"0";"0";"0";"0";"0";"0";"0";"0";"0";"0";"0";"1";"0";"0";"0";"0";"0";"0";"0";"0";"0";"0";"1"
"350600 BAURU";"0";"0";"0";"0";"0";"0";"0";"1";"0";"0";"0";"0";"0";"1";"0";"0";"0";"0";"0";"1";"0";"50";"0";"0";"1";"1";"0";"9";"1";"1";"1";"10";"0";"0";"8";"1";"86"
"350610 BEBEDOURO";"0";"0";"0";"0";"0";"0";"0";"0";"0";"0";"0";"0";"0";"0";"0";"0";"0";"0";"0";"0";"0";"0";"0";"0";"0";"0";"0";"0";"0";"0";"0";"0";"0";"1";"0";"0";"1"
"350750 BOTUCATU";"9";"0";"3";"5";"2";"3";"1";"5";"2";"5";"6";"2";"5";"4";"2";"0";"4";"3";"3";"9";"3";"5";"5";"7";"10";"1";"12";"7";"5";"1";"5";"6";"11";"7";"11";"8";"177"
"350760 BRAGANCA PAULISTA";"2";"0";"4";"0";"0";"0";"7";"0";"0";"0";"0";"0";"12";"0";"0";"0";"0";"0";"0";"0";"0";"0";"0";"0";"0";"0";"0";"0";"0";"0";"0";"0";"0";"0";"0";"0";"25"
"350830 CABRALIA PAULISTA";"1";"0";"0";"0";"0";"0";"0";"0";"0";"0";"0";"0";"0";"0";"0";"0";"0";"0";"0";"0";"0";"0";"0";"0";"0";"0";"0";"0";"0";"0";"0";"0";"0";"0";"0";"0";"1"
"350840 CABREUVA";"0";"0";"0";"0";"0";"0";"0";"0";"0";"0";"0";"0";"0";"0";"0";"0";"0";"0";"0";"0";"0";"0";"0";"0";"0";"0";"0";"0";"0";"0";"0";"0";"1";"0";"0";"0";"1"
"350850 CACAPAVA";"0";"1";"1";"0";"0";"0";"0";"0";"0";"0";"0";"0";"0";"2";"0";"0";"0";"0";"1";"0";"0";"0";"0";"0";"0";"0";"0";"0";"0";"0";"0";"0";"0";"0";"0";"0";"5"
"350880 CAFELANDIA";"0";"0";"0";"0";"0";"0";"0";"0";"0";"0";"0";"0";"0";"0";"0";"0";"0";"0";"0";"0";"1";"0";"0";"0";"0";"0";"0";"0";"0";"0";"0";"0";"0";"0";"0";"0";"1"
"350900 CAIEIRAS";"0";"0";"0";"0";"0";"0";"1";"0";"0";"0";"0";"0";"0";"0";"0";"0";"0";"0";"0";"0";"0";"0";"0";"0";"0";"0";"0";"0";"0";"0";"0";"0";"0";"0";"0";"0";"1"
"350930 CAJOBI";"0";"0";"0";"0";"0";"0";"0";"0";"0";"0";"0";"0";"0";"0";"0";"0";"0";"0";"0";"0";"0";"0";"0";"0";"0";"1";"0";"0";"0";"0";"0";"0";"0";"0";"0";"0";"1"
"350950 CAMPINAS";"60";"92";"116";"59";"25";"49";"69";"44";"38";"47";"100";"20";"97";"78";"63";"48";"89";"64";"111";"92";"70";"91";"99";"35";"71";"147";"55";"97";"129";"77";"64";"95";"105";"108";"131";"123";"2858"
"350970 CAMPOS DO JORDAO";"0";"0";"0";"0";"0";"0";"0";"0";"0";"0";"0";"0";"1";"0";"0";"0";"0";"0";"0";"0";"0";"0";"0";"1";"0";"0";"0";"0";"0";"0";"0";"0";"0";"0";"0";"0";"2"
"350990 CANANEIA";"0";"0";"0";"0";"0";"0";"0";"0";"0";"0";"0";"0";"0";"0";"0";"0";"0";"0";"0";"0";"0";"0";"0";"0";"0";"0";"0";"0";"0";"0";"0";"0";"0";"1";"1";"0";"2"
"351060 CARAPICUIBA";"0";"0";"0";"0";"0";"0";"0";"0";"0";"0";"0";"0";"0";"0";"0";"0";"0";"0";"0";"0";"0";"0";"0";"0";"0";"0";"0";"0";"0";"0";"0";"0";"2";"0";"0";"2";"4"
"351110 CATANDUVA";"10";"8";"0";"11";"6";"4";"0";"0";"16";"0";"12";"0";"2";"9";"3";"4";"4";"3";"9";"9";"8";"9";"13";"7";"12";"8";"12";"11";"10";"9";"10";"13";"6";"6";"9";"6";"259"
"351150 CERQUILHO";"0";"0";"0";"0";"0";"0";"0";"0";"2";"0";"0";"0";"0";"0";"0";"0";"0";"0";"0";"1";"0";"2";"0";"0";"1";"0";"0";"1";"0";"1";"0";"0";"0";"0";"0";"0";"8"
"351350 CUBATAO";"0";"0";"0";"0";"0";"0";"0";"0";"0";"0";"0";"0";"0";"0";"0";"0";"0";"0";"0";"0";"0";"0";"0";"0";"0";"0";"0";"0";"0";"0";"1";"0";"0";"0";"0";"0";"1"
"351410 DOIS CORREGOS";"0";"0";"0";"0";"0";"0";"0";"0";"0";"0";"0";"0";"0";"0";"0";"0";"0";"0";"0";"0";"0";"0";"0";"0";"0";"0";"0";"0";"0";"0";"0";"0";"0";"0";"1";"0";"1"
"351440 DRACENA";"0";"0";"0";"0";"0";"0";"0";"1";"0";"0";"0";"0";"0";"0";"0";"0";"0";"0";"0";"0";"0";"0";"0";"0";"0";"0";"0";"0";"0";"0";"0";"0";"0";"0";"0";"0";"1"
"351495 EMBAUBA";"0";"0";"0";"0";"0";"0";"0";"0";"0";"0";"0";"0";"0";"0";"0";"0";"0";"0";"0";"0";"0";"0";"0";"0";"0";"0";"0";"1";"0";"0";"0";"0";"0";"0";"0";"0";"1"
"351535 EUCLIDES DA CUNHA PAULISTA";"0";"0";"0";"0";"0";"0";"0";"0";"0";"0";"0";"0";"0";"0";"0";"0";"0";"0";"0";"0";"0";"0";"0";"0";"0";"0";"0";"0";"0";"0";"0";"0";"0";"2";"0";"0";"2"
"351570 FERRAZ DE VASCONCELOS";"0";"0";"0";"0";"0";"0";"0";"0";"0";"0";"0";"0";"0";"0";"0";"0";"0";"0";"0";"0";"0";"0";"0";"0";"0";"0";"0";"0";"0";"1";"0";"0";"0";"0";"0";"0";"1"
"351600 FLORIDA PAULISTA";"0";"0";"0";"1";"0";"0";"0";"0";"0";"0";"0";"0";"0";"0";"0";"0";"0";"0";"0";"0";"0";"0";"0";"0";"0";"0";"0";"0";"0";"0";"0";"0";"0";"0";"0";"0";"1"
"351620 FRANCA";"7";"8";"9";"12";"13";"12";"11";"14";"13";"11";"9";"22";"6";"16";"3";"13";"2";"16";"9";"0";"5";"0";"13";"5";"12";"13";"10";"3";"7";"9";"5";"9";"6";"8";"11";"6";"328"
"351630 FRANCISCO MORATO";"0";"0";"0";"0";"0";"0";"0";"0";"0";"0";"0";"0";"0";"0";"0";"0";"0";"0";"0";"0";"0";"0";"0";"0";"0";"0";"0";"3";"0";"1";"0";"0";"0";"0";"0";"2";"6"
"351640 FRANCO DA ROCHA";"1";"0";"1";"0";"0";"1";"0";"0";"0";"0";"0";"0";"0";"0";"1";"0";"2";"6";"0";"1";"3";"0";"0";"3";"2";"3";"2";"1";"2";"3";"2";"3";"2";"3";"0";"2";"44"
"351670 GARCA";"0";"0";"0";"2";"0";"0";"1";"2";"0";"0";"0";"0";"1";"0";"0";"0";"0";"0";"1";"0";"0";"0";"1";"0";"0";"1";"0";"1";"0";"1";"0";"0";"0";"1";"1";"0";"13"
"351770 GUARA";"0";"0";"0";"0";"0";"0";"0";"0";"0";"0";"0";"0";"0";"0";"0";"0";"0";"0";"0";"0";"0";"0";"0";"0";"0";"0";"0";"0";"0";"0";"0";"0";"0";"1";"0";"0";"1"
"351840 GUARATINGUETA";"0";"0";"0";"0";"0";"0";"0";"0";"0";"0";"1";"0";"0";"0";"0";"0";"0";"0";"0";"0";"0";"0";"0";"0";"0";"0";"0";"0";"0";"0";"0";"0";"0";"0";"0";"0";"1"
"351870 GUARUJA";"0";"0";"0";"0";"0";"0";"1";"1";"0";"1";"1";"0";"0";"0";"0";"0";"0";"0";"0";"0";"0";"0";"0";"0";"0";"0";"0";"0";"0";"0";"0";"0";"0";"0";"0";"0";"4"
"351880 GUARULHOS";"8";"0";"0";"0";"1";"0";"0";"0";"0";"0";"0";"0";"0";"0";"0";"0";"0";"0";"0";"0";"0";"0";"0";"1095";"7";"19";"15";"0";"5";"36";"1";"21";"10";"22";"5";"0";"1245"
"351907 HORTOLANDIA";"0";"0";"0";"0";"0";"0";"0";"0";"0";"0";"0";"0";"0";"0";"0";"0";"0";"0";"0";"0";"0";"0";"0";"0";"0";"0";"0";"0";"0";"0";"0";"0";"0";"0";"1";"0";"1"
"351920 IACRI";"0";"0";"0";"0";"0";"0";"1";"0";"0";"0";"0";"0";"0";"0";"0";"0";"0";"0";"0";"0";"0";"0";"0";"0";"0";"0";"0";"0";"0";"0";"0";"0";"0";"0";"0";"0";"1"
"351960 IBITINGA";"0";"0";"0";"0";"0";"0";"0";"0";"0";"0";"0";"0";"0";"0";"0";"0";"0";"0";"0";"0";"0";"0";"0";"0";"0";"0";"1";"0";"0";"0";"0";"0";"0";"0";"0";"0";"1"
"351990 IEPE";"0";"0";"0";"0";"0";"0";"0";"0";"0";"0";"0";"0";"0";"0";"0";"0";"0";"0";"0";"0";"0";"0";"0";"0";"0";"0";"0";"0";"0";"0";"0";"0";"0";"1";"0";"0";"1"
"352010 IGARAPAVA";"0";"0";"0";"0";"0";"0";"0";"0";"0";"0";"0";"0";"0";"0";"0";"0";"0";"0";"0";"0";"0";"0";"0";"0";"0";"1";"0";"0";"0";"0";"0";"0";"0";"0";"0";"0";"1"
"352020 IGARATA";"0";"0";"0";"0";"0";"0";"0";"0";"0";"0";"0";"0";"0";"0";"0";"0";"0";"0";"0";"0";"0";"0";"0";"0";"1";"0";"0";"0";"0";"1";"0";"0";"0";"0";"0";"0";"2"
"352030 IGUAPE";"0";"0";"0";"0";"0";"0";"0";"0";"0";"0";"0";"0";"0";"0";"0";"0";"0";"0";"0";"0";"0";"0";"0";"0";"0";"0";"0";"0";"0";"0";"0";"1";"0";"0";"0";"0";"1"
"352050 INDAIATUBA";"0";"2";"2";"0";"1";"0";"0";"1";"1";"2";"3";"1";"1";"8";"1";"6";"2";"3";"4";"2";"4";"4";"0";"3";"0";"3";"7";"3";"0";"2";"1";"3";"1";"4";"0";"3";"78"
"352080 INUBIA PAULISTA";"0";"0";"0";"0";"0";"0";"0";"1";"0";"0";"0";"0";"0";"0";"0";"0";"0";"0";"0";"0";"0";"0";"0";"0";"0";"0";"0";"0";"0";"0";"0";"0";"0";"0";"0";"0";"1"
"352190 ITAJOBI";"0";"0";"0";"0";"0";"0";"0";"0";"0";"0";"0";"0";"0";"1";"0";"0";"0";"0";"0";"0";"0";"0";"0";"0";"0";"0";"0";"0";"0";"0";"0";"0";"0";"0";"0";"0";"1"
"352230 ITAPETININGA";"0";"0";"0";"0";"0";"0";"0";"0";"1";"0";"0";"0";"0";"0";"0";"0";"0";"0";"0";"0";"0";"0";"0";"0";"0";"0";"0";"5";"0";"0";"0";"0";"0";"0";"0";"0";"6"
"352280 ITAPORANGA";"0";"0";"0";"1";"0";"0";"0";"0";"0";"0";"0";"0";"0";"0";"0";"0";"0";"0";"0";"0";"0";"0";"0";"0";"0";"0";"0";"0";"0";"0";"0";"0";"0";"0";"0";"0";"1"
"352340 ITATIBA";"0";"0";"0";"0";"0";"0";"0";"0";"0";"0";"0";"0";"0";"0";"0";"0";"1";"0";"0";"0";"0";"0";"0";"0";"0";"0";"0";"0";"0";"0";"0";"0";"0";"0";"0";"0";"1"
"352390 ITU";"9";"5";"5";"0";"4";"7";"8";"8";"15";"14";"18";"10";"14";"2";"7";"7";"10";"12";"10";"5";"10";"5";"1";"6";"0";"4";"4";"1";"8";"4";"6";"0";"4";"5";"4";"6";"238"
"352410 ITUVERAVA";"0";"0";"0";"0";"0";"0";"1";"0";"0";"0";"0";"0";"0";"0";"0";"0";"0";"0";"0";"0";"0";"0";"0";"1";"0";"0";"0";"0";"0";"0";"0";"0";"0";"0";"1";"0";"3"
"352420 JABORANDI";"0";"0";"0";"0";"0";"0";"0";"0";"0";"0";"0";"0";"0";"0";"0";"0";"0";"0";"0";"0";"0";"0";"0";"0";"0";"0";"1";"0";"0";"0";"0";"0";"0";"0";"0";"0";"1"
"352440 JACAREI";"2";"0";"0";"1";"2";"2";"2";"0";"0";"0";"0";"1";"0";"0";"1";"0";"0";"0";"2";"0";"0";"0";"0";"0";"1";"0";"1";"0";"1";"0";"2";"0";"1";"3";"1";"1";"24"
"352470 JAGUARIUNA";"0";"1";"0";"0";"0";"0";"0";"0";"0";"0";"0";"0";"0";"0";"0";"0";"0";"0";"0";"0";"0";"0";"0";"0";"0";"0";"5";"0";"0";"0";"0";"0";"0";"0";"0";"0";"6"
"352480 JALES";"0";"0";"0";"0";"0";"0";"0";"0";"0";"0";"0";"0";"0";"0";"0";"0";"2";"0";"0";"2";"0";"1";"2";"0";"0";"0";"0";"0";"0";"0";"0";"1";"2";"0";"0";"0";"10"
"352510 JARDINOPOLIS";"0";"0";"0";"0";"0";"0";"0";"0";"0";"0";"0";"1";"1";"0";"0";"0";"0";"0";"0";"0";"0";"0";"0";"0";"0";"0";"0";"0";"0";"0";"0";"0";"0";"0";"0";"0";"2"
"352530 JAU";"0";"0";"0";"0";"1";"0";"0";"0";"0";"0";"0";"0";"0";"0";"0";"0";"0";"0";"0";"0";"0";"0";"0";"0";"0";"0";"1";"0";"0";"0";"0";"0";"0";"1";"1";"0";"4"
"352580 JULIO MESQUITA";"0";"0";"0";"0";"0";"0";"0";"0";"0";"0";"0";"0";"0";"0";"0";"0";"0";"0";"0";"0";"0";"0";"0";"0";"0";"0";"0";"0";"0";"0";"0";"0";"0";"0";"1";"0";"1"
"352590 JUNDIAI";"3";"9";"3";"5";"2";"5";"11";"9";"84";"8";"7";"19";"20";"28";"35";"14";"32";"27";"29";"28";"41";"22";"25";"22";"27";"27";"49";"23";"27";"27";"34";"26";"31";"27";"20";"23";"829"
"352600 JUNQUEIROPOLIS";"0";"0";"0";"0";"0";"0";"0";"0";"0";"0";"0";"0";"0";"0";"0";"0";"0";"0";"0";"0";"0";"0";"0";"1";"0";"0";"0";"0";"0";"0";"0";"0";"0";"0";"0";"0";"1"
"352670 LEME";"1";"0";"2";"0";"4";"0";"0";"2";"1";"3";"0";"0";"1";"0";"2";"1";"2";"2";"0";"0";"0";"1";"4";"1";"3";"1";"0";"1";"1";"0";"0";"0";"3";"0";"0";"3";"39"
"352680 LENCOIS PAULISTA";"1";"0";"0";"0";"0";"0";"0";"0";"0";"0";"0";"0";"0";"0";"0";"0";"0";"0";"0";"0";"0";"0";"0";"0";"0";"0";"0";"1";"0";"0";"0";"0";"0";"0";"0";"0";"2"
"352690 LIMEIRA";"7";"3";"2";"0";"0";"6";"9";"3";"3";"2";"5";"3";"3";"3";"4";"4";"1";"5";"1";"4";"2";"3";"7";"2";"4";"1";"3";"3";"3";"4";"6";"2";"5";"6";"3";"2";"124"
"352710 LINS";"6";"3";"1";"3";"1";"1";"0";"0";"0";"0";"0";"1";"0";"2";"2";"0";"1";"2";"3";"1";"1";"2";"2";"0";"3";"1";"1";"2";"2";"0";"1";"1";"5";"0";"3";"0";"51"
"352720 LORENA";"0";"0";"0";"0";"1";"0";"0";"0";"0";"0";"0";"0";"0";"0";"0";"0";"0";"0";"0";"0";"0";"0";"0";"0";"0";"0";"0";"0";"0";"0";"0";"0";"0";"0";"0";"0";"1"
"352740 LUCELIA";"0";"0";"0";"0";"0";"0";"0";"0";"0";"0";"0";"0";"0";"0";"0";"0";"0";"0";"0";"0";"0";"0";"0";"0";"0";"0";"0";"0";"1";"0";"0";"0";"0";"0";"0";"0";"1"
"352800 MACATUBA";"0";"0";"0";"1";"0";"0";"0";"0";"0";"0";"0";"0";"0";"0";"0";"0";"0";"0";"0";"0";"0";"0";"0";"0";"0";"0";"0";"0";"0";"0";"0";"0";"0";"1";"0";"0";"2"
"352860 MANDURI";"0";"0";"0";"0";"0";"0";"0";"0";"0";"0";"0";"0";"1";"0";"0";"0";"0";"0";"0";"0";"0";"0";"0";"0";"0";"0";"0";"0";"0";"0";"0";"0";"0";"0";"0";"0";"1"
"352900 MARILIA";"1";"2";"0";"2";"0";"9";"0";"4";"0";"1";"0";"7";"0";"0";"0";"0";"0";"1";"0";"0";"0";"0";"0";"0";"2";"0";"6";"0";"6";"0";"0";"7";"0";"0";"8";"5";"61"
"352970 MIGUELOPOLIS";"0";"0";"0";"0";"0";"0";"0";"1";"0";"0";"0";"0";"0";"0";"0";"0";"0";"0";"0";"0";"0";"0";"0";"0";"0";"0";"0";"0";"0";"0";"0";"0";"0";"0";"0";"0";"1"
"353010 MIRANDOPOLIS";"0";"0";"0";"0";"0";"0";"0";"1";"0";"0";"0";"0";"0";"0";"0";"0";"0";"0";"0";"0";"0";"0";"0";"0";"0";"0";"0";"0";"0";"0";"0";"0";"0";"0";"0";"0";"1"
"353030 MIRASSOL";"0";"0";"0";"0";"0";"0";"0";"0";"0";"0";"0";"0";"0";"0";"0";"0";"0";"0";"0";"0";"0";"0";"0";"0";"1";"0";"0";"0";"0";"0";"0";"0";"0";"0";"0";"0";"1"
"353050 MOCOCA";"0";"0";"0";"0";"0";"0";"0";"0";"0";"0";"1";"0";"1";"0";"0";"0";"0";"0";"0";"0";"0";"0";"0";"0";"0";"0";"0";"0";"0";"0";"0";"0";"0";"1";"1";"0";"4"
"353060 MOGI DAS CRUZES";"10";"10";"7";"10";"2";"0";"4";"8";"3";"6";"8";"3";"5";"1";"4";"5";"5";"0";"13";"0";"5";"6";"10";"7";"17";"12";"7";"5";"5";"9";"7";"5";"12";"7";"13";"14";"245"
"353070 MOGI GUACU";"0";"0";"0";"0";"0";"0";"0";"0";"0";"0";"0";"0";"0";"1";"0";"0";"0";"0";"0";"0";"0";"0";"0";"0";"0";"0";"0";"0";"0";"0";"0";"0";"0";"0";"0";"0";"1"
"353080 MOGI MIRIM";"0";"0";"3";"1";"0";"0";"0";"0";"0";"0";"5";"4";"2";"2";"3";"3";"0";"2";"6";"6";"9";"5";"0";"0";"0";"2";"6";"2";"8";"0";"2";"0";"1";"5";"6";"1";"84"
"353140 MONTE APRAZIVEL";"0";"0";"0";"0";"0";"1";"0";"0";"0";"0";"0";"0";"0";"0";"0";"1";"0";"0";"0";"2";"0";"0";"0";"0";"1";"0";"0";"0";"0";"0";"1";"0";"0";"1";"0";"1";"8"
"353190 MORRO AGUDO";"0";"0";"0";"0";"0";"0";"0";"1";"0";"0";"0";"0";"0";"0";"0";"0";"0";"0";"0";"0";"0";"0";"0";"0";"0";"1";"0";"0";"0";"0";"0";"0";"0";"0";"0";"0";"2"
"353205 MOTUCA";"0";"0";"0";"0";"0";"0";"0";"0";"0";"0";"0";"0";"0";"0";"0";"0";"0";"0";"0";"0";"0";"0";"0";"0";"0";"0";"1";"0";"0";"0";"0";"0";"0";"0";"0";"0";"1"
"353290 NOVA EUROPA";"0";"0";"0";"0";"0";"0";"0";"0";"0";"0";"0";"0";"0";"0";"0";"0";"0";"0";"0";"0";"0";"0";"0";"0";"0";"0";"0";"0";"0";"0";"0";"0";"1";"0";"0";"0";"1"
"353350 NOVO HORIZONTE";"0";"0";"0";"0";"1";"0";"0";"0";"0";"0";"1";"0";"0";"0";"0";"0";"0";"0";"0";"0";"0";"0";"0";"0";"0";"0";"0";"0";"0";"0";"2";"1";"0";"0";"0";"0";"5"
"353390 OLIMPIA";"0";"0";"0";"0";"0";"0";"0";"0";"0";"0";"0";"0";"0";"0";"0";"0";"0";"0";"0";"1";"1";"0";"0";"0";"0";"0";"0";"0";"0";"0";"0";"0";"0";"0";"0";"0";"2"
"353430 ORLANDIA";"0";"0";"0";"1";"0";"0";"0";"0";"0";"0";"0";"0";"0";"0";"0";"0";"0";"0";"0";"0";"0";"0";"0";"0";"0";"0";"0";"0";"0";"0";"0";"1";"0";"0";"0";"0";"2"
"353440 OSASCO";"37";"17";"32";"19";"18";"15";"16";"22";"14";"20";"9";"20";"20";"19";"24";"19";"20";"22";"19";"25";"19";"15";"20";"24";"28";"19";"19";"12";"13";"17";"19";"21";"16";"6";"14";"15";"684"
"353460 OSVALDO CRUZ";"0";"0";"0";"0";"0";"0";"0";"0";"1";"0";"0";"0";"0";"0";"0";"0";"0";"0";"0";"0";"0";"0";"0";"0";"0";"1";"0";"0";"0";"0";"0";"0";"0";"1";"0";"0";"3"
"353470 OURINHOS";"0";"0";"0";"0";"0";"0";"0";"0";"0";"1";"1";"0";"0";"0";"0";"0";"0";"0";"1";"1";"0";"0";"0";"0";"0";"0";"0";"0";"0";"0";"0";"0";"0";"0";"0";"0";"4"
"353490 PACAEMBU";"0";"0";"0";"0";"0";"0";"1";"0";"0";"0";"0";"0";"0";"0";"0";"0";"0";"0";"0";"0";"0";"0";"0";"0";"0";"0";"0";"0";"0";"0";"0";"0";"0";"0";"0";"0";"1"
"353510 PALMARES PAULISTA";"0";"0";"0";"0";"0";"0";"0";"0";"0";"0";"0";"0";"0";"0";"0";"0";"0";"0";"0";"0";"0";"0";"0";"0";"0";"0";"0";"0";"0";"0";"0";"1";"0";"0";"0";"0";"1"
"353560 PARAIBUNA";"0";"0";"0";"0";"0";"0";"0";"0";"0";"0";"0";"0";"0";"0";"0";"0";"0";"0";"0";"0";"0";"0";"0";"0";"0";"0";"0";"0";"0";"0";"0";"0";"0";"0";"0";"1";"1"
"353600 PARAPUA";"0";"0";"0";"0";"0";"0";"1";"1";"0";"0";"0";"0";"0";"0";"0";"0";"0";"0";"0";"0";"0";"0";"0";"0";"0";"0";"0";"0";"0";"0";"0";"0";"0";"0";"0";"0";"2"
"353620 PARIQUERA-ACU";"0";"0";"0";"0";"0";"0";"0";"0";"0";"0";"0";"0";"0";"0";"0";"0";"0";"0";"0";"0";"0";"0";"0";"0";"0";"0";"0";"0";"0";"0";"1";"0";"0";"1";"0";"0";"2"
"353670 PEDERNEIRAS";"0";"0";"1";"0";"0";"0";"0";"0";"0";"0";"0";"0";"0";"0";"0";"0";"0";"0";"0";"0";"0";"0";"0";"0";"0";"0";"0";"1";"2";"0";"0";"0";"0";"0";"1";"0";"5"
"353740 PEREIRA BARRETO";"0";"0";"0";"0";"0";"0";"0";"0";"0";"1";"0";"0";"0";"1";"0";"0";"0";"0";"0";"0";"0";"0";"0";"0";"0";"0";"0";"0";"0";"0";"0";"0";"1";"0";"0";"0";"3"
"353800 PINDAMONHANGABA";"1";"0";"0";"0";"0";"0";"3";"2";"2";"1";"3";"2";"2";"2";"1";"4";"3";"0";"4";"2";"1";"2";"0";"2";"1";"0";"3";"3";"3";"0";"1";"1";"1";"2";"1";"0";"53"
"353870 PIRACICABA";"8";"10";"16";"10";"9";"14";"14";"25";"9";"4";"32";"6";"12";"15";"22";"17";"7";"2";"10";"3";"6";"5";"2";"10";"7";"7";"6";"0";"6";"3";"7";"11";"8";"7";"16";"8";"354"
"353930 PIRASSUNUNGA";"1";"0";"0";"2";"2";"0";"1";"2";"1";"0";"0";"2";"1";"0";"1";"1";"1";"0";"1";"0";"0";"1";"2";"1";"4";"1";"0";"1";"1";"0";"2";"2";"1";"2";"1";"0";"35"
"354100 PRAIA GRANDE";"1";"1";"2";"4";"0";"5";"5";"2";"1";"1";"0";"5";"0";"1";"2";"3";"3";"0";"2";"3";"1";"5";"3";"0";"4";"0";"2";"1";"3";"2";"2";"3";"1";"2";"3";"2";"75"
"354140 PRESIDENTE PRUDENTE";"29";"17";"21";"20";"15";"19";"18";"13";"11";"14";"33";"17";"18";"27";"18";"18";"18";"22";"12";"28";"5";"18";"15";"10";"24";"7";"18";"7";"18";"17";"12";"12";"11";"7";"8";"10";"587"
"354170 QUATA";"0";"0";"0";"0";"0";"0";"0";"0";"0";"0";"0";"0";"0";"0";"0";"0";"0";"0";"0";"0";"0";"0";"0";"0";"0";"0";"0";"0";"0";"0";"0";"0";"0";"0";"0";"1";"1"
"354250 REGINOPOLIS";"0";"0";"0";"0";"0";"0";"0";"0";"0";"0";"0";"0";"0";"0";"0";"0";"0";"0";"0";"0";"0";"0";"0";"0";"0";"0";"0";"0";"0";"0";"0";"0";"0";"0";"1";"0";"1"
"354330 RIBEIRAO PIRES";"0";"0";"0";"6";"1";"4";"2";"12";"2";"6";"4";"10";"7";"2";"8";"1";"7";"6";"3";"4";"0";"7";"3";"6";"1";"1";"7";"8";"3";"1";"3";"1";"4";"1";"3";"1";"135"
"354340 RIBEIRAO PRETO";"15";"6";"7";"6";"3";"9";"5";"12";"9";"10";"15";"1";"15";"4";"9";"9";"7";"0";"9";"3";"7";"1";"10";"7";"9";"6";"11";"6";"12";"7";"11";"11";"11";"6";"11";"3";"283"
"354390 RIO CLARO";"1";"12";"3";"5";"9";"11";"5";"4";"7";"7";"5";"6";"5";"5";"5";"8";"6";"2";"6";"7";"7";"13";"7";"10";"10";"6";"8";"5";"5";"2";"0";"4";"4";"11";"14";"9";"234"
"354490 SALES OLIVEIRA";"0";"0";"0";"0";"0";"0";"0";"0";"0";"0";"0";"0";"0";"0";"0";"0";"1";"1";"0";"0";"0";"0";"0";"0";"0";"0";"0";"0";"0";"0";"0";"0";"0";"0";"0";"0";"2"
"354520 SALTO";"0";"0";"0";"0";"0";"0";"0";"0";"0";"0";"0";"0";"2";"0";"0";"0";"0";"0";"0";"0";"0";"0";"0";"0";"0";"0";"0";"0";"0";"0";"0";"0";"0";"0";"0";"0";"2"
"354580 SANTA BARBARA D\'OESTE";"0";"0";"0";"0";"0";"0";"0";"0";"0";"0";"0";"0";"0";"0";"0";"0";"0";"0";"0";"0";"0";"0";"0";"0";"0";"0";"0";"0";"0";"0";"0";"0";"0";"1";"0";"1";"2"
"354630 SANTA CRUZ DAS PALMEIRAS";"0";"0";"0";"0";"0";"0";"0";"0";"0";"0";"0";"0";"1";"0";"0";"0";"0";"0";"0";"0";"0";"0";"0";"0";"0";"0";"0";"1";"1";"0";"0";"0";"0";"0";"0";"0";"3"
"354640 SANTA CRUZ DO RIO PARDO";"0";"0";"0";"0";"0";"0";"0";"0";"0";"0";"0";"0";"0";"0";"0";"0";"0";"1";"0";"0";"0";"0";"0";"0";"0";"0";"0";"0";"0";"0";"0";"0";"0";"0";"0";"0";"1"
"354750 SANTA RITA DO PASSA QUATRO";"0";"0";"0";"0";"0";"0";"1";"0";"0";"3";"0";"1";"1";"0";"1";"0";"2";"4";"0";"0";"0";"0";"1";"0";"1";"0";"2";"0";"1";"0";"1";"0";"0";"0";"0";"0";"19"
"354780 SANTO ANDRE";"67";"80";"32";"77";"77";"75";"74";"73";"85";"73";"96";"103";"65";"79";"77";"94";"87";"102";"102";"92";"96";"95";"76";"97";"68";"100";"90";"62";"80";"77";"37";"32";"27";"77";"20";"74";"2718"
"354800 SANTO ANTONIO DE POSSE";"0";"0";"0";"0";"1";"0";"0";"0";"0";"0";"0";"0";"0";"0";"0";"0";"0";"0";"0";"0";"0";"0";"0";"0";"0";"0";"0";"0";"0";"0";"0";"0";"0";"0";"0";"0";"1"
"354850 SANTOS";"25";"0";"0";"27";"11";"47";"32";"22";"25";"21";"20";"22";"28";"32";"18";"19";"39";"25";"0";"32";"16";"25";"25";"19";"39";"27";"41";"30";"0";"42";"24";"38";"22";"44";"34";"14";"885"
"354860 SAO BENTO DO SAPUCAI";"0";"0";"0";"0";"0";"0";"0";"0";"0";"0";"0";"0";"0";"0";"0";"0";"0";"0";"0";"0";"1";"0";"1";"0";"0";"0";"0";"0";"0";"0";"0";"0";"0";"0";"0";"0";"2"
"354870 SAO BERNARDO DO CAMPO";"19";"17";"24";"35";"33";"29";"17";"25";"34";"23";"31";"15";"17";"25";"17";"15";"7";"28";"91";"54";"18";"73";"20";"51";"59";"51";"38";"42";"42";"34";"49";"47";"38";"45";"54";"47";"1264"
"354880 SAO CAETANO DO SUL";"4";"1";"7";"2";"9";"7";"6";"5";"3";"7";"8";"1";"17";"3";"4";"3";"3";"5";"10";"22";"5";"21";"5";"4";"10";"8";"7";"8";"3";"4";"12";"0";"6";"14";"7";"5";"246"
"354890 SAO CARLOS";"15";"10";"15";"13";"10";"15";"10";"12";"10";"10";"9";"9";"7";"12";"9";"12";"8";"14";"10";"21";"12";"9";"10";"10";"10";"13";"11";"8";"14";"5";"7";"8";"10";"6";"11";"13";"388"
"354910 SAO JOAO DA BOA VISTA";"4";"5";"3";"6";"3";"4";"6";"8";"4";"7";"4";"7";"10";"5";"5";"2";"9";"1";"10";"2";"6";"8";"2";"3";"10";"4";"4";"8";"4";"5";"4";"5";"11";"4";"5";"6";"194"
"354980 SAO JOSE DO RIO PRETO";"19";"19";"23";"15";"44";"37";"45";"42";"28";"41";"41";"33";"46";"35";"47";"33";"34";"39";"26";"48";"32";"46";"33";"35";"41";"50";"39";"23";"31";"27";"31";"35";"23";"37";"46";"58";"1282"
"354990 SAO JOSE DOS CAMPOS";"0";"3";"6";"4";"0";"13";"1";"15";"5";"5";"1";"9";"0";"0";"2";"7";"2";"0";"9";"5";"8";"7";"3";"4";"0";"0";"0";"0";"0";"0";"0";"0";"0";"6";"1";"0";"116"
"355030 SAO PAULO";"761";"716";"605";"572";"624";"619";"651";"631";"508";"565";"602";"611";"808";"731";"807";"683";"839";"765";"700";"870";"617";"687";"710";"718";"753";"683";"701";"515";"634";"667";"670";"788";"699";"660";"458";"661";"24289"
"355040 SAO PEDRO";"0";"0";"0";"0";"0";"0";"0";"0";"0";"0";"0";"0";"0";"0";"0";"0";"0";"0";"0";"0";"0";"0";"0";"0";"0";"0";"0";"0";"0";"0";"0";"0";"0";"0";"0";"1";"1"
"355060 SAO ROQUE";"6";"0";"0";"0";"0";"0";"0";"0";"0";"0";"0";"0";"0";"0";"0";"3";"0";"0";"0";"3";"0";"0";"0";"0";"0";"1";"0";"0";"0";"0";"0";"0";"0";"0";"0";"0";"13"
"355100 SAO VICENTE";"0";"0";"0";"0";"0";"0";"0";"0";"0";"0";"0";"0";"0";"0";"0";"0";"0";"0";"0";"0";"0";"0";"0";"1";"0";"0";"0";"0";"0";"0";"0";"0";"0";"0";"0";"0";"1"
"355220 SOROCABA";"0";"0";"0";"0";"0";"0";"0";"0";"0";"0";"0";"2";"1";"0";"0";"0";"0";"0";"0";"0";"0";"0";"0";"0";"3";"0";"3";"1";"1";"4";"0";"1";"1";"0";"2";"0";"19"
"355250 SUZANO";"0";"0";"61";"0";"1";"2";"10";"3";"3";"1";"2";"2";"6";"8";"3";"7";"4";"1";"4";"5";"0";"4";"1";"2";"1";"2";"5";"1";"3";"1";"4";"0";"9";"3";"7";"3";"169"
"355260 TABAPUA";"0";"0";"0";"0";"0";"0";"0";"0";"0";"0";"0";"0";"0";"0";"0";"0";"0";"0";"0";"0";"0";"0";"0";"0";"0";"0";"0";"0";"0";"0";"0";"0";"0";"0";"1";"0";"1"
"355340 TANABI";"0";"0";"0";"0";"0";"0";"0";"0";"0";"0";"0";"0";"0";"0";"0";"0";"0";"13";"0";"0";"0";"0";"0";"0";"0";"0";"0";"0";"0";"0";"0";"0";"0";"0";"0";"0";"13"
"355360 TAPIRATIBA";"0";"0";"0";"0";"0";"0";"0";"0";"0";"0";"0";"1";"0";"0";"0";"0";"0";"0";"0";"0";"0";"0";"0";"0";"0";"0";"0";"0";"0";"0";"0";"0";"0";"0";"0";"0";"1"
"355400 TATUI";"1";"2";"0";"3";"2";"2";"2";"0";"5";"2";"1";"2";"0";"3";"0";"4";"1";"7";"2";"3";"3";"0";"2";"4";"0";"1";"1";"0";"0";"0";"0";"0";"0";"0";"0";"0";"53"
"355410 TAUBATE";"0";"0";"0";"0";"0";"0";"0";"0";"0";"0";"0";"0";"0";"0";"0";"0";"0";"0";"0";"6";"0";"0";"0";"0";"2";"0";"0";"8";"0";"0";"1";"1";"0";"0";"1";"3";"22"
"355450 TIETE";"0";"0";"0";"0";"0";"0";"0";"0";"0";"0";"0";"2";"0";"0";"1";"0";"0";"0";"0";"0";"0";"0";"0";"0";"0";"0";"0";"0";"0";"0";"0";"0";"0";"0";"0";"0";"3"
"355500 TUPA";"0";"0";"0";"0";"0";"1";"0";"0";"0";"0";"0";"0";"0";"0";"0";"0";"0";"0";"0";"0";"0";"0";"0";"0";"0";"0";"0";"0";"0";"0";"0";"0";"2";"0";"0";"0";"3"
"355510 TUPI PAULISTA";"0";"0";"0";"0";"0";"0";"0";"0";"0";"0";"0";"0";"0";"0";"0";"0";"0";"0";"0";"0";"0";"0";"0";"1";"0";"0";"0";"0";"0";"0";"0";"0";"0";"0";"0";"0";"1"
"355540 UBATUBA";"0";"0";"0";"0";"0";"0";"0";"0";"0";"0";"0";"0";"0";"0";"0";"0";"0";"0";"0";"0";"0";"0";"0";"0";"0";"0";"0";"1";"0";"0";"0";"0";"0";"0";"0";"0";"1"
"355620 VALINHOS";"1";"6";"6";"4";"9";"4";"5";"7";"4";"7";"8";"13";"8";"6";"7";"5";"0";"7";"6";"6";"5";"8";"5";"0";"10";"4";"4";"5";"3";"5";"5";"1";"1";"3";"5";"0";"183"
"355640 VARGEM GRANDE DO SUL";"0";"0";"0";"0";"0";"1";"0";"0";"0";"0";"0";"0";"0";"0";"0";"0";"0";"0";"0";"0";"0";"0";"0";"0";"0";"0";"0";"0";"0";"0";"0";"0";"0";"0";"0";"0";"1"
"355690 VISTA ALEGRE DO ALTO";"0";"0";"0";"0";"0";"0";"0";"0";"0";"0";"0";"0";"0";"0";"0";"0";"0";"0";"0";"0";"0";"0";"0";"0";"0";"0";"0";"0";"1";"0";"0";"0";"0";"0";"0";"0";"1"
"355710 VOTUPORANGA";"3";"0";"0";"0";"0";"0";"0";"0";"0";"0";"0";"0";"0";"1";"0";"0";"0";"0";"0";"0";"3";"0";"0";"0";"0";"0";"0";"0";"0";"0";"0";"0";"0";"0";"0";"0";"7"
"410110 ANDIRA";"0";"0";"0";"0";"0";"0";"0";"0";"0";"0";"0";"0";"0";"0";"0";"0";"0";"0";"0";"0";"0";"0";"0";"0";"0";"0";"0";"0";"0";"0";"0";"0";"0";"1";"0";"0";"1"
"410120 ANTONINA";"0";"0";"0";"0";"0";"0";"0";"0";"0";"0";"0";"0";"0";"0";"0";"0";"0";"0";"0";"0";"0";"0";"0";"0";"0";"0";"0";"0";"0";"0";"0";"0";"1";"0";"0";"0";"1"
"410140 APUCARANA";"3";"3";"0";"1";"0";"1";"3";"0";"0";"3";"1";"2";"0";"0";"0";"0";"0";"0";"0";"1";"0";"0";"1";"0";"0";"0";"1";"0";"0";"0";"0";"0";"0";"1";"0";"0";"21"
"410150 ARAPONGAS";"0";"0";"0";"0";"0";"0";"0";"0";"0";"0";"0";"0";"0";"0";"0";"0";"0";"1";"0";"0";"0";"0";"0";"0";"0";"0";"0";"0";"0";"0";"0";"0";"0";"0";"0";"0";"1"
"410200 ASSIS CHATEAUBRIAND";"0";"0";"1";"0";"0";"0";"0";"0";"0";"0";"0";"0";"0";"0";"1";"0";"0";"1";"0";"0";"0";"0";"0";"1";"0";"0";"0";"0";"0";"0";"0";"0";"0";"0";"1";"0";"5"
"410210 ASTORGA";"0";"0";"0";"0";"0";"0";"0";"0";"0";"0";"0";"0";"0";"0";"0";"0";"0";"0";"0";"0";"0";"0";"0";"0";"0";"0";"0";"0";"0";"0";"0";"1";"0";"0";"0";"0";"1"
"410305 BOA VISTA DA APARECIDA";"0";"0";"0";"0";"0";"0";"0";"0";"0";"0";"0";"0";"0";"0";"0";"0";"0";"0";"0";"0";"0";"0";"0";"0";"0";"0";"0";"0";"0";"1";"0";"0";"0";"0";"0";"0";"1"
"410350 CALIFORNIA";"0";"0";"0";"0";"0";"0";"0";"0";"0";"0";"0";"0";"0";"0";"0";"0";"0";"0";"0";"0";"0";"0";"0";"0";"0";"0";"0";"0";"0";"0";"0";"0";"0";"0";"2";"0";"2"
"410360 CAMBARA";"0";"0";"0";"0";"0";"1";"0";"0";"0";"0";"0";"0";"0";"0";"0";"0";"0";"0";"0";"0";"0";"0";"0";"0";"0";"0";"0";"0";"0";"0";"0";"0";"0";"0";"0";"0";"1"
"410430 CAMPO MOURAO";"0";"0";"0";"0";"0";"0";"0";"0";"2";"0";"0";"0";"0";"0";"0";"0";"0";"1";"0";"0";"0";"0";"0";"0";"0";"0";"0";"0";"0";"0";"0";"0";"0";"0";"0";"0";"3"
"410445 CANTAGALO";"0";"0";"0";"0";"0";"0";"0";"0";"0";"0";"0";"0";"0";"1";"1";"0";"0";"0";"0";"0";"0";"0";"0";"0";"0";"0";"0";"0";"0";"0";"0";"0";"0";"0";"0";"0";"2"
"410480 CASCAVEL";"0";"2";"0";"0";"0";"1";"1";"2";"1";"0";"2";"0";"3";"1";"0";"1";"0";"0";"2";"0";"0";"0";"0";"4";"1";"1";"0";"0";"0";"3";"0";"0";"2";"1";"2";"1";"31"
"410550 CIANORTE";"0";"0";"1";"0";"0";"0";"0";"0";"0";"0";"1";"0";"0";"0";"1";"0";"1";"0";"0";"0";"0";"0";"1";"0";"0";"0";"0";"0";"0";"0";"0";"0";"0";"0";"0";"0";"5"
"410560 CIDADE GAUCHA";"0";"0";"0";"0";"0";"0";"0";"0";"0";"0";"0";"0";"0";"0";"0";"0";"0";"0";"0";"0";"0";"0";"0";"1";"0";"0";"0";"0";"0";"0";"0";"0";"0";"0";"0";"0";"1"
"410690 CURITIBA";"12";"9";"17";"14";"16";"12";"9";"13";"8";"10";"8";"11";"17";"11";"8";"1";"16";"0";"66";"0";"8";"9";"6";"220";"5";"14";"33";"14";"0";"0";"27";"21";"28";"49";"10";"24";"726"
"410720 DOIS VIZINHOS";"0";"0";"0";"0";"0";"0";"0";"0";"0";"0";"1";"0";"0";"0";"0";"0";"0";"0";"0";"0";"0";"0";"0";"0";"0";"0";"0";"0";"0";"0";"0";"0";"0";"0";"0";"0";"1"
"410830 FOZ DO IGUACU";"0";"2";"0";"0";"0";"0";"3";"0";"0";"1";"0";"1";"6";"3";"1";"0";"0";"0";"0";"2";"0";"4";"2";"1";"1";"0";"1";"3";"1";"0";"0";"0";"1";"1";"0";"0";"34"
"410880 GUAIRA";"0";"0";"0";"1";"1";"0";"0";"0";"0";"0";"0";"0";"0";"0";"0";"0";"0";"0";"0";"0";"0";"0";"0";"0";"0";"0";"0";"0";"0";"0";"0";"0";"0";"0";"0";"0";"2"
"410930 GUARANIACU";"0";"0";"0";"0";"0";"0";"0";"0";"0";"0";"0";"0";"0";"0";"0";"0";"0";"0";"0";"0";"0";"0";"0";"0";"0";"1";"0";"0";"0";"0";"0";"0";"0";"0";"0";"0";"1"
"411010 IMBITUVA";"0";"0";"0";"0";"0";"0";"0";"1";"0";"0";"0";"0";"2";"0";"0";"0";"0";"0";"0";"0";"0";"1";"0";"0";"0";"0";"0";"0";"0";"0";"0";"1";"0";"1";"0";"0";"6"
"411095 ITAIPULANDIA";"0";"0";"0";"1";"0";"0";"0";"0";"0";"0";"0";"0";"0";"0";"0";"0";"0";"0";"0";"0";"0";"0";"0";"0";"0";"0";"0";"0";"0";"0";"0";"0";"0";"0";"0";"0";"1"
"411210 JANDAIA DO SUL";"0";"2";"0";"0";"0";"0";"0";"0";"0";"0";"0";"0";"0";"0";"0";"0";"0";"0";"0";"0";"0";"0";"0";"0";"0";"0";"0";"0";"0";"0";"0";"0";"0";"0";"0";"0";"2"
"411370 LONDRINA";"5";"1";"1";"0";"4";"3";"1";"1";"3";"1";"5";"0";"4";"2";"1";"0";"0";"0";"0";"0";"0";"0";"0";"0";"2";"6";"4";"1";"5";"1";"3";"1";"3";"2";"0";"0";"60"
"411460 MARECHAL CANDIDO RONDON";"0";"0";"0";"0";"0";"0";"0";"0";"0";"0";"0";"0";"0";"0";"0";"0";"0";"0";"0";"0";"0";"0";"0";"0";"0";"0";"0";"0";"0";"0";"0";"0";"0";"1";"0";"0";"1"
"411520 MARINGA";"0";"0";"0";"1";"0";"0";"0";"0";"3";"0";"0";"0";"1";"0";"0";"2";"0";"0";"0";"0";"1";"1";"0";"0";"0";"0";"1";"0";"0";"0";"0";"0";"0";"0";"0";"0";"10"
"411790 PALOTINA";"0";"0";"1";"0";"0";"0";"0";"0";"0";"0";"0";"0";"0";"1";"0";"0";"0";"0";"0";"0";"0";"0";"0";"0";"0";"0";"0";"0";"0";"0";"0";"0";"0";"0";"0";"0";"2"
"411820 PARANAGUA";"0";"1";"0";"0";"0";"1";"1";"1";"2";"0";"0";"1";"1";"1";"0";"0";"0";"0";"0";"0";"1";"0";"0";"0";"1";"0";"1";"2";"3";"0";"0";"0";"1";"1";"0";"0";"19"
"411845 PATO BRAGADO";"0";"0";"0";"0";"0";"0";"1";"0";"0";"0";"0";"0";"0";"0";"0";"0";"0";"0";"0";"0";"0";"0";"0";"0";"0";"0";"0";"0";"0";"0";"0";"0";"0";"0";"0";"0";"1"
"412085 QUATRO PONTES";"0";"0";"0";"0";"0";"0";"0";"0";"0";"0";"0";"0";"0";"0";"0";"0";"0";"1";"0";"0";"0";"0";"0";"0";"0";"0";"0";"0";"0";"0";"0";"0";"0";"0";"0";"0";"1"
"412090 QUEDAS DO IGUACU";"0";"0";"0";"0";"0";"0";"0";"0";"0";"0";"0";"0";"0";"0";"0";"0";"0";"0";"0";"0";"0";"0";"0";"0";"0";"0";"0";"0";"0";"0";"0";"0";"1";"0";"1";"0";"2"
"412200 RIO AZUL";"0";"0";"0";"0";"0";"0";"0";"0";"0";"0";"0";"0";"0";"0";"0";"0";"0";"0";"0";"0";"0";"0";"0";"0";"0";"0";"0";"0";"0";"0";"0";"1252";"0";"0";"0";"0";"1252"
"412240 ROLANDIA";"0";"0";"0";"0";"0";"0";"0";"1";"0";"0";"0";"8";"0";"0";"0";"0";"0";"0";"0";"0";"0";"0";"0";"2";"0";"0";"0";"0";"0";"0";"0";"0";"0";"0";"0";"0";"11"
"412382 SANTA LUCIA";"0";"0";"0";"0";"0";"0";"0";"0";"0";"0";"0";"0";"0";"0";"0";"0";"0";"0";"1";"0";"0";"0";"0";"0";"0";"0";"0";"0";"0";"0";"0";"0";"0";"0";"1";"0";"2"
"412560 SAO MATEUS DO SUL";"0";"0";"0";"0";"0";"0";"0";"0";"0";"0";"0";"0";"0";"0";"0";"0";"0";"0";"0";"0";"0";"0";"0";"0";"0";"0";"1";"0";"1";"0";"0";"0";"0";"0";"0";"0";"2"
"412575 SAO PEDRO DO IGUACU";"0";"0";"0";"0";"2";"0";"0";"0";"0";"0";"0";"0";"0";"0";"0";"0";"0";"0";"0";"0";"0";"0";"0";"0";"0";"0";"0";"0";"0";"0";"0";"0";"0";"0";"0";"0";"2"
"412680 TAPEJARA";"0";"0";"0";"0";"0";"0";"0";"0";"0";"0";"0";"0";"0";"1";"0";"0";"0";"0";"0";"0";"0";"0";"0";"0";"0";"0";"0";"0";"0";"0";"0";"0";"0";"0";"0";"0";"1"
"412770 TOLEDO";"0";"0";"1";"0";"0";"2";"1";"0";"0";"0";"0";"0";"0";"0";"0";"0";"0";"0";"0";"0";"0";"0";"0";"0";"0";"0";"1";"0";"0";"0";"0";"0";"0";"1";"0";"0";"6"
"412800 UBIRATA";"0";"0";"0";"0";"0";"0";"0";"1";"0";"0";"0";"0";"0";"0";"0";"0";"0";"0";"0";"0";"0";"0";"0";"0";"0";"0";"0";"0";"0";"0";"0";"0";"0";"0";"0";"0";"1"
"412820 UNIAO DA VITORIA";"0";"0";"0";"0";"0";"0";"0";"0";"0";"0";"0";"0";"0";"1";"0";"0";"0";"0";"0";"0";"0";"0";"0";"0";"0";"0";"0";"0";"0";"0";"0";"0";"0";"0";"0";"0";"1"
"412840 URAI";"0";"0";"0";"0";"0";"0";"0";"0";"0";"0";"0";"0";"0";"0";"0";"0";"0";"0";"0";"0";"0";"0";"0";"0";"1";"0";"0";"0";"0";"0";"0";"0";"0";"0";"0";"0";"1"
"412855 VERA CRUZ DO OESTE";"0";"0";"0";"0";"0";"0";"0";"0";"0";"0";"0";"0";"0";"0";"0";"0";"0";"0";"0";"1";"0";"0";"0";"0";"0";"0";"0";"0";"0";"0";"0";"0";"0";"0";"0";"0";"1"
"420040 AGUA DOCE";"0";"0";"0";"0";"0";"0";"0";"0";"0";"0";"0";"0";"0";"0";"0";"0";"0";"0";"0";"0";"0";"0";"0";"0";"0";"1";"0";"0";"0";"0";"0";"0";"0";"0";"0";"0";"1"
"420100 ANITA GARIBALDI";"0";"0";"0";"0";"0";"0";"0";"0";"0";"0";"0";"0";"0";"0";"0";"0";"0";"0";"0";"0";"0";"0";"1";"0";"0";"0";"0";"0";"0";"0";"0";"0";"0";"0";"0";"0";"1"
"420120 ANTONIO CARLOS";"0";"0";"0";"0";"0";"0";"0";"0";"0";"0";"0";"0";"0";"0";"0";"0";"0";"0";"0";"0";"0";"0";"0";"0";"0";"0";"1";"0";"0";"0";"0";"0";"0";"0";"0";"0";"1"
"420125 APIUNA";"1";"0";"0";"0";"0";"0";"0";"0";"0";"0";"0";"0";"0";"0";"0";"0";"0";"0";"0";"0";"0";"0";"0";"0";"1";"1";"0";"0";"0";"0";"0";"0";"0";"0";"0";"0";"3"
"420130 ARAQUARI";"0";"1";"0";"0";"0";"0";"0";"0";"0";"0";"0";"0";"0";"0";"0";"0";"0";"0";"0";"0";"0";"0";"0";"0";"0";"0";"0";"0";"0";"0";"0";"0";"0";"0";"0";"0";"1"
"420140 ARARANGUA";"0";"0";"0";"0";"0";"0";"0";"0";"0";"0";"0";"0";"0";"0";"0";"0";"0";"0";"0";"0";"0";"0";"0";"0";"0";"0";"0";"0";"0";"0";"1";"2";"0";"0";"1";"1";"5"
"420200 BALNEARIO CAMBORIU";"0";"0";"0";"0";"0";"0";"2";"0";"0";"0";"1";"3";"2";"1";"0";"0";"0";"0";"4";"0";"0";"0";"5";"0";"0";"0";"0";"1";"0";"1";"2";"0";"0";"0";"0";"0";"22"
"420230 BIGUACU";"0";"0";"0";"0";"0";"0";"0";"0";"0";"0";"1";"1";"1";"1";"1";"0";"1";"0";"1";"0";"0";"0";"0";"0";"0";"1";"1";"0";"0";"0";"0";"0";"0";"0";"0";"0";"9"
"420240 BLUMENAU";"29";"31";"18";"3";"1";"37";"30";"9";"4";"16";"20";"19";"38";"21";"36";"24";"23";"0";"25";"24";"24";"19";"30";"24";"21";"64";"32";"39";"26";"19";"3";"22";"23";"22";"17";"43";"836"
"420280 BRACO DO NORTE";"0";"0";"0";"0";"1";"0";"0";"0";"0";"0";"0";"0";"0";"0";"0";"0";"0";"0";"0";"0";"0";"0";"1";"0";"0";"0";"0";"0";"0";"2";"0";"0";"0";"0";"0";"0";"4"
"420290 BRUSQUE";"0";"0";"0";"0";"0";"0";"0";"0";"0";"0";"0";"0";"0";"0";"0";"0";"0";"0";"0";"0";"0";"0";"0";"0";"0";"0";"0";"0";"0";"0";"1";"0";"2";"1";"0";"0";"4"
"420300 CACADOR";"0";"0";"0";"0";"1";"0";"0";"0";"0";"0";"0";"0";"1";"0";"0";"0";"0";"0";"0";"0";"0";"0";"0";"0";"0";"1";"0";"0";"0";"0";"0";"0";"0";"0";"0";"0";"3"
"420320 CAMBORIU";"2";"0";"7";"0";"0";"0";"0";"1";"0";"1";"1";"0";"0";"0";"0";"1";"0";"1";"0";"0";"0";"1";"0";"0";"1";"1";"0";"1";"0";"0";"1";"0";"1";"0";"1";"0";"21"
"420360 CAMPOS NOVOS";"0";"0";"0";"0";"0";"1";"0";"0";"0";"0";"0";"0";"0";"0";"0";"0";"0";"0";"0";"0";"1";"0";"0";"0";"0";"0";"0";"0";"0";"0";"0";"0";"0";"1";"1";"0";"4"
"420370 CANELINHA";"0";"0";"0";"0";"0";"0";"0";"0";"0";"0";"0";"0";"0";"0";"0";"0";"0";"0";"0";"0";"0";"0";"0";"0";"0";"0";"0";"0";"0";"0";"0";"1";"1";"0";"0";"0";"2"
"420380 CANOINHAS";"0";"0";"0";"0";"0";"0";"0";"0";"0";"0";"0";"0";"0";"0";"0";"0";"0";"0";"0";"0";"1";"0";"0";"0";"0";"0";"1";"0";"0";"0";"1";"0";"0";"2";"0";"0";"5"
"420420 CHAPECO";"0";"1";"0";"0";"0";"0";"0";"0";"0";"0";"0";"0";"0";"0";"0";"0";"0";"0";"0";"0";"0";"0";"0";"0";"0";"0";"0";"0";"2";"0";"0";"0";"0";"0";"0";"0";"3"
"420430 CONCORDIA";"0";"0";"0";"0";"0";"1";"0";"1";"0";"0";"1";"0";"0";"0";"0";"0";"0";"0";"1";"0";"0";"0";"1";"2";"1";"0";"0";"0";"0";"1";"1";"0";"0";"0";"1";"0";"11"
"420445 CORONEL MARTINS";"0";"0";"0";"0";"0";"0";"0";"0";"0";"0";"0";"0";"0";"0";"0";"0";"0";"0";"0";"0";"0";"0";"0";"0";"0";"0";"0";"0";"0";"0";"1";"0";"0";"0";"0";"0";"1"
"420460 CRICIUMA";"0";"0";"0";"0";"0";"0";"0";"3";"0";"2";"1";"1";"1";"1";"0";"0";"0";"0";"0";"1";"0";"0";"6";"6";"0";"0";"2";"0";"1";"3";"0";"2";"1";"1";"2";"2";"36"
"420480 CURITIBANOS";"0";"0";"0";"0";"0";"0";"0";"0";"0";"0";"0";"0";"0";"0";"0";"0";"0";"0";"0";"0";"0";"0";"2";"0";"0";"0";"0";"0";"0";"0";"0";"0";"0";"0";"0";"0";"2"
"420540 FLORIANOPOLIS";"6";"13";"0";"14";"12";"2";"1";"12";"2";"12";"10";"6";"15";"8";"6";"0";"5";"0";"11";"4";"4";"7";"15";"13";"13";"13";"8";"20";"10";"8";"10";"9";"0";"16";"10";"8";"303"
"420545 FORQUILHINHA";"0";"0";"0";"0";"0";"0";"0";"0";"0";"0";"0";"0";"0";"0";"0";"0";"0";"0";"0";"0";"0";"0";"0";"0";"0";"0";"0";"0";"0";"1";"0";"0";"0";"0";"0";"0";"1"
"420570 GAROPABA";"0";"0";"0";"0";"0";"0";"0";"0";"0";"0";"0";"0";"0";"0";"0";"0";"0";"0";"0";"0";"0";"0";"0";"0";"0";"0";"0";"0";"0";"0";"2";"0";"0";"0";"0";"0";"2"
"420590 GASPAR";"0";"0";"0";"0";"0";"1";"0";"0";"0";"0";"0";"1";"0";"0";"0";"0";"2";"0";"0";"0";"0";"0";"1";"0";"3";"3";"2";"0";"1";"0";"1";"1";"1";"0";"0";"0";"17"
"420650 GUARAMIRIM";"0";"0";"0";"0";"0";"0";"0";"0";"0";"0";"0";"0";"0";"0";"0";"0";"0";"0";"0";"0";"0";"0";"0";"0";"0";"0";"0";"0";"0";"0";"0";"0";"2";"2";"0";"0";"4"
"420660 GUARUJA DO SUL";"0";"0";"0";"0";"0";"0";"0";"0";"0";"0";"0";"0";"0";"0";"0";"0";"0";"0";"0";"0";"0";"0";"1";"0";"0";"0";"0";"0";"0";"0";"0";"0";"0";"0";"0";"0";"1"
"420700 ICARA";"0";"0";"0";"0";"0";"0";"0";"0";"0";"0";"0";"0";"0";"0";"0";"0";"0";"0";"0";"0";"0";"0";"0";"0";"0";"0";"0";"0";"0";"0";"0";"2";"2";"2";"0";"0";"6"
"420730 IMBITUBA";"0";"1";"0";"0";"0";"0";"0";"0";"0";"1";"0";"0";"0";"0";"0";"0";"0";"0";"0";"0";"0";"0";"0";"2";"0";"0";"0";"0";"0";"0";"1";"0";"0";"0";"0";"1";"6"
"420750 INDAIAL";"0";"0";"0";"0";"0";"0";"0";"0";"0";"0";"2";"1";"0";"0";"0";"0";"0";"0";"0";"0";"3";"0";"0";"0";"0";"0";"1";"1";"1";"1";"0";"0";"0";"0";"0";"0";"10"
"420765 IPORA DO OESTE";"0";"0";"0";"0";"0";"0";"0";"0";"0";"0";"0";"0";"0";"0";"0";"0";"0";"0";"0";"0";"0";"0";"0";"0";"0";"0";"1";"0";"0";"0";"0";"0";"0";"0";"0";"0";"1"
"420820 ITAJAI";"0";"0";"0";"10";"0";"0";"0";"0";"0";"0";"0";"0";"13";"0";"0";"0";"0";"6";"9";"6";"20";"14";"7";"2";"6";"2";"8";"4";"6";"4";"0";"3";"2";"2";"6";"2";"132"
"420830 ITAPEMA";"0";"0";"1";"0";"0";"0";"0";"0";"0";"0";"1";"0";"0";"0";"0";"0";"0";"0";"0";"0";"0";"0";"0";"0";"0";"0";"0";"0";"1";"0";"1";"0";"1";"0";"0";"0";"5"
"420890 JARAGUA DO SUL";"0";"0";"0";"1";"0";"0";"0";"0";"0";"1";"0";"0";"2";"0";"1";"0";"2";"1";"1";"0";"1";"0";"0";"0";"1";"0";"0";"1";"1";"1";"0";"0";"1";"2";"1";"0";"18"
"420900 JOACABA";"0";"0";"0";"0";"0";"0";"0";"0";"0";"0";"1";"0";"0";"0";"0";"0";"0";"0";"0";"1";"0";"0";"0";"0";"0";"1";"0";"0";"0";"0";"0";"0";"0";"0";"0";"0";"3"
"420910 JOINVILLE";"5";"8";"1";"5";"1";"10";"4";"2";"2";"7";"6";"2";"30";"18";"6";"12";"9";"59";"13";"28";"11";"22";"28";"5";"11";"31";"5";"8";"18";"24";"8";"29";"8";"15";"29";"10";"490"
"420930 LAGES";"1";"0";"1";"4";"4";"2";"1";"2";"2";"0";"2";"2";"0";"2";"2";"0";"0";"0";"2";"0";"0";"0";"1";"2";"2";"0";"0";"1";"3";"1";"0";"0";"2";"0";"2";"1";"42"
"420940 LAGUNA";"0";"0";"1";"0";"2";"0";"0";"0";"1";"0";"1";"3";"0";"2";"0";"0";"0";"0";"3";"0";"0";"0";"0";"0";"1";"1";"0";"0";"0";"0";"0";"0";"1";"0";"1";"0";"17"
"420960 LAURO MULLER";"0";"0";"0";"0";"0";"0";"0";"0";"0";"0";"1";"0";"0";"0";"0";"0";"0";"0";"0";"0";"0";"0";"0";"0";"0";"0";"0";"0";"0";"0";"0";"0";"0";"0";"0";"0";"1"
"420970 LEBON REGIS";"0";"0";"0";"0";"0";"0";"0";"0";"0";"0";"0";"0";"0";"0";"0";"0";"0";"0";"0";"0";"0";"0";"0";"0";"1";"0";"0";"0";"0";"0";"0";"0";"0";"0";"2";"0";"3"
"421010 MAFRA";"0";"0";"0";"0";"0";"0";"0";"0";"0";"0";"0";"0";"0";"0";"0";"0";"0";"0";"0";"0";"0";"0";"0";"0";"0";"0";"0";"0";"0";"0";"0";"0";"1";"0";"0";"0";"1"
"421060 MASSARANDUBA";"0";"0";"0";"0";"0";"0";"0";"0";"0";"0";"0";"0";"0";"0";"0";"0";"0";"0";"0";"0";"0";"0";"0";"1";"0";"0";"0";"1";"0";"0";"0";"0";"0";"1";"0";"0";"3"
"421120 MORRO DA FUMACA";"0";"0";"0";"0";"0";"0";"0";"0";"0";"0";"0";"0";"0";"0";"0";"0";"0";"0";"0";"0";"0";"0";"0";"0";"0";"0";"0";"0";"0";"0";"0";"0";"0";"0";"1";"1";"2"
"421130 NAVEGANTES";"0";"0";"0";"0";"0";"0";"0";"0";"0";"0";"0";"0";"0";"0";"0";"0";"0";"0";"0";"4";"0";"0";"5";"0";"2";"0";"0";"3";"0";"3";"1";"0";"0";"0";"1";"0";"19"
"421170 ORLEANS";"0";"0";"0";"0";"0";"0";"0";"0";"0";"0";"0";"0";"0";"0";"0";"0";"0";"0";"0";"0";"0";"0";"0";"3";"0";"0";"0";"0";"0";"0";"0";"0";"0";"0";"0";"0";"3"
"421175 OTACILIO COSTA";"0";"0";"0";"0";"0";"0";"0";"0";"0";"0";"0";"0";"0";"0";"0";"0";"0";"0";"0";"0";"0";"0";"0";"0";"0";"0";"0";"0";"0";"1";"0";"0";"0";"0";"0";"0";"1"
"421190 PALHOCA";"0";"0";"0";"0";"0";"0";"0";"0";"0";"0";"0";"0";"0";"1";"0";"0";"0";"0";"0";"0";"0";"0";"0";"0";"0";"0";"0";"0";"0";"0";"0";"1";"1";"0";"0";"0";"3"
"421225 PASSO DE TORRES";"0";"0";"1";"0";"0";"0";"0";"0";"0";"0";"0";"0";"0";"0";"0";"0";"0";"0";"0";"0";"0";"0";"0";"0";"0";"0";"0";"0";"0";"0";"1";"0";"0";"0";"0";"0";"2"
"421250 PENHA";"0";"0";"0";"0";"0";"0";"0";"0";"0";"2";"0";"0";"0";"0";"0";"0";"0";"0";"0";"0";"0";"0";"0";"0";"0";"0";"0";"0";"0";"1";"0";"1";"0";"0";"0";"0";"4"
"421280 BALNEARIO PICARRAS";"0";"0";"0";"0";"0";"0";"0";"0";"0";"0";"0";"0";"0";"0";"0";"0";"0";"0";"0";"0";"0";"0";"0";"0";"0";"0";"0";"0";"0";"0";"1";"0";"0";"0";"0";"3";"4"
"421320 POMERODE";"0";"0";"0";"0";"0";"0";"0";"0";"0";"0";"0";"0";"0";"0";"0";"0";"0";"0";"0";"0";"0";"0";"0";"0";"0";"0";"0";"0";"0";"0";"0";"0";"0";"1";"0";"0";"1"
"421340 PONTE SERRADA";"0";"0";"0";"0";"0";"0";"0";"0";"0";"0";"0";"0";"0";"0";"0";"0";"0";"0";"0";"0";"0";"0";"0";"0";"0";"0";"0";"0";"0";"0";"0";"0";"1";"0";"0";"0";"1"
"421350 PORTO BELO";"0";"0";"0";"0";"0";"0";"0";"0";"1";"0";"0";"0";"0";"0";"0";"0";"0";"0";"0";"0";"0";"0";"0";"0";"0";"0";"0";"0";"0";"0";"0";"0";"0";"0";"0";"1";"2"
"421360 PORTO UNIAO";"0";"0";"0";"0";"0";"0";"0";"0";"0";"1";"0";"0";"0";"0";"1";"0";"0";"0";"0";"0";"1";"0";"0";"0";"1";"0";"1";"0";"0";"0";"0";"0";"0";"0";"0";"0";"5"
"421370 POUSO REDONDO";"0";"0";"0";"0";"0";"0";"0";"0";"0";"0";"0";"0";"0";"0";"0";"0";"0";"0";"0";"0";"0";"0";"0";"0";"1";"0";"0";"0";"0";"0";"0";"0";"0";"0";"0";"0";"1"
"421380 PRAIA GRANDE";"0";"0";"0";"0";"0";"0";"0";"0";"0";"0";"0";"0";"0";"0";"0";"0";"0";"0";"0";"0";"0";"0";"0";"0";"0";"0";"0";"0";"0";"0";"0";"0";"1";"0";"0";"0";"1"
"421400 PRESIDENTE GETULIO";"0";"0";"0";"0";"0";"0";"0";"0";"1";"0";"0";"0";"0";"0";"0";"0";"0";"0";"0";"0";"0";"0";"0";"0";"0";"0";"0";"0";"0";"0";"0";"0";"0";"0";"0";"0";"1"
"421440 RIO DAS ANTAS";"0";"0";"0";"0";"0";"0";"0";"0";"0";"0";"0";"0";"0";"0";"0";"0";"0";"0";"0";"0";"0";"0";"0";"0";"0";"0";"0";"0";"0";"0";"0";"1";"0";"0";"0";"0";"1"
"421480 RIO DO SUL";"0";"0";"0";"0";"0";"2";"0";"0";"0";"0";"0";"0";"0";"0";"0";"0";"0";"0";"1";"3";"0";"0";"0";"0";"1";"0";"0";"0";"1";"0";"0";"0";"3";"2";"0";"0";"13"
"421500 RIO NEGRINHO";"0";"0";"0";"0";"1";"0";"0";"0";"0";"0";"0";"0";"0";"0";"0";"0";"0";"0";"0";"0";"0";"0";"0";"0";"0";"0";"0";"0";"0";"0";"0";"0";"0";"0";"0";"0";"1"
"421510 RODEIO";"0";"0";"0";"0";"0";"0";"0";"0";"0";"0";"0";"0";"0";"0";"0";"0";"0";"0";"0";"0";"0";"0";"0";"0";"0";"0";"0";"0";"0";"0";"0";"0";"0";"1";"0";"0";"1"
"421520 ROMELANDIA";"1";"0";"0";"0";"0";"0";"0";"0";"0";"0";"0";"0";"0";"0";"0";"0";"0";"0";"0";"0";"0";"0";"0";"0";"0";"0";"0";"0";"0";"0";"0";"0";"0";"0";"0";"0";"1"
"421530 SALETE";"0";"0";"0";"0";"0";"0";"0";"0";"0";"0";"0";"0";"0";"0";"0";"0";"0";"0";"0";"0";"0";"0";"0";"0";"0";"0";"0";"0";"0";"0";"1";"0";"0";"0";"0";"0";"1"
"421545 SANGAO";"0";"0";"0";"0";"0";"0";"0";"0";"0";"0";"0";"0";"0";"0";"0";"0";"0";"0";"0";"0";"0";"0";"0";"0";"0";"1";"0";"0";"0";"0";"0";"0";"0";"0";"0";"0";"1"
"421550 SANTA CECILIA";"0";"0";"0";"0";"0";"0";"0";"1";"0";"0";"0";"0";"0";"0";"0";"0";"0";"0";"0";"0";"0";"0";"0";"0";"0";"0";"0";"0";"0";"0";"0";"0";"0";"0";"0";"0";"1"
"421580 SAO BENTO DO SUL";"0";"0";"0";"0";"0";"1";"0";"0";"1";"0";"0";"0";"0";"0";"0";"0";"0";"0";"0";"0";"0";"0";"1";"0";"1";"2";"0";"0";"0";"0";"0";"1";"0";"0";"0";"0";"7"
"421620 SAO FRANCISCO DO SUL";"1";"0";"0";"0";"0";"0";"0";"0";"0";"0";"0";"0";"0";"0";"1";"1";"0";"1";"0";"2";"0";"0";"0";"0";"2";"0";"0";"0";"0";"0";"0";"0";"3";"0";"0";"2";"13"
"421630 SAO JOAO BATISTA";"0";"0";"0";"0";"0";"0";"0";"0";"0";"0";"0";"0";"0";"0";"0";"0";"0";"0";"0";"0";"0";"1";"0";"0";"0";"0";"1";"0";"0";"0";"0";"0";"0";"1";"0";"0";"3"
"421650 SAO JOAQUIM";"0";"0";"0";"0";"0";"0";"0";"0";"0";"0";"0";"0";"0";"0";"0";"0";"0";"0";"0";"0";"0";"0";"0";"0";"0";"0";"0";"0";"0";"0";"2";"0";"0";"0";"1";"0";"3"
"421660 SAO JOSE";"1";"0";"0";"0";"0";"2";"0";"0";"0";"0";"0";"0";"0";"0";"1";"0";"1";"2";"0";"0";"0";"0";"0";"0";"0";"0";"2";"0";"0";"1";"0";"0";"2";"0";"4";"0";"16"
"421670 SAO JOSE DO CEDRO";"0";"0";"0";"0";"0";"0";"0";"0";"0";"0";"0";"0";"0";"0";"0";"0";"0";"0";"0";"0";"0";"0";"1";"0";"0";"0";"0";"0";"0";"0";"0";"0";"0";"0";"0";"0";"1"
"421700 SAO LUDGERO";"0";"0";"0";"0";"0";"0";"0";"0";"0";"0";"0";"0";"0";"0";"0";"0";"0";"0";"0";"0";"0";"0";"0";"0";"1";"0";"0";"0";"0";"0";"0";"0";"0";"0";"0";"0";"1"
"421720 SAO MIGUEL DO OESTE";"0";"0";"0";"0";"0";"0";"0";"0";"0";"0";"0";"0";"0";"0";"0";"0";"0";"0";"0";"0";"0";"0";"0";"0";"2";"0";"0";"0";"0";"1";"1";"0";"0";"0";"0";"0";"4"
"421760 SIDEROPOLIS";"0";"0";"0";"0";"0";"0";"0";"0";"0";"0";"0";"1";"0";"1";"0";"0";"0";"0";"0";"0";"0";"0";"0";"0";"0";"0";"0";"0";"0";"0";"0";"0";"1";"0";"0";"0";"3"
"421770 SOMBRIO";"0";"0";"0";"0";"0";"0";"0";"0";"0";"0";"0";"0";"0";"0";"0";"0";"1";"0";"0";"1";"0";"0";"0";"0";"0";"0";"0";"0";"0";"0";"0";"0";"0";"0";"0";"0";"2"
"421780 TAIO";"0";"0";"0";"0";"0";"0";"0";"0";"0";"0";"0";"0";"0";"0";"0";"0";"0";"0";"0";"0";"0";"0";"0";"0";"0";"0";"0";"0";"0";"0";"0";"2";"0";"0";"0";"0";"2"
"421800 TIJUCAS";"0";"2";"0";"0";"0";"1";"2";"2";"0";"0";"2";"1";"0";"2";"0";"0";"0";"0";"0";"4";"0";"0";"0";"0";"0";"2";"2";"0";"0";"1";"0";"1";"0";"0";"0";"2";"24"
"421820 TIMBO";"0";"0";"0";"0";"0";"0";"0";"0";"0";"0";"0";"0";"0";"0";"0";"0";"0";"0";"1";"0";"0";"0";"0";"0";"0";"0";"0";"0";"0";"0";"0";"0";"1";"0";"0";"0";"2"
"421825 TIMBO GRANDE";"0";"0";"0";"0";"0";"0";"0";"0";"0";"0";"0";"0";"0";"0";"0";"0";"0";"0";"0";"0";"0";"0";"0";"0";"0";"0";"1";"0";"0";"0";"0";"0";"0";"0";"0";"0";"1"
"421870 TUBARAO";"0";"2";"0";"1";"0";"0";"0";"0";"0";"1";"2";"0";"1";"2";"0";"0";"1";"0";"0";"6";"1";"2";"1";"2";"2";"1";"1";"1";"0";"1";"1";"0";"1";"4";"4";"3";"41"
"421930 VIDEIRA";"0";"0";"0";"0";"0";"0";"0";"0";"0";"0";"1";"0";"0";"0";"0";"0";"0";"0";"0";"0";"0";"0";"0";"0";"0";"1";"0";"0";"0";"0";"1";"0";"0";"0";"0";"0";"3"
"421935 VITOR MEIRELES";"0";"0";"0";"0";"0";"0";"0";"0";"0";"0";"0";"0";"0";"0";"0";"0";"1";"0";"0";"0";"0";"0";"0";"0";"0";"0";"0";"0";"0";"0";"0";"0";"0";"0";"0";"0";"1"
"421940 WITMARSUM";"0";"0";"0";"0";"0";"0";"0";"0";"0";"1";"0";"0";"0";"0";"0";"0";"0";"0";"0";"0";"0";"0";"0";"0";"0";"0";"0";"0";"0";"0";"0";"0";"0";"0";"0";"0";"1"
"421950 XANXERE";"0";"1";"0";"0";"1";"0";"0";"0";"1";"1";"0";"1";"1";"0";"0";"0";"0";"0";"1";"1";"3";"2";"3";"2";"3";"3";"2";"5";"2";"0";"4";"1";"0";"1";"0";"1";"40"
"430040 ALEGRETE";"0";"1";"1";"1";"1";"0";"0";"1";"0";"0";"0";"0";"0";"0";"2";"0";"1";"0";"0";"0";"0";"0";"3";"1";"1";"1";"2";"0";"1";"2";"0";"1";"0";"0";"0";"2";"22"
"430060 ALVORADA";"7";"5";"2";"2";"2";"2";"0";"0";"0";"2";"0";"0";"0";"0";"0";"0";"0";"0";"0";"0";"0";"0";"0";"0";"0";"0";"1";"2";"0";"0";"0";"0";"2";"0";"1";"2";"30"
"430080 ANTONIO PRADO";"0";"0";"0";"0";"0";"0";"0";"0";"0";"0";"0";"0";"0";"0";"0";"0";"0";"0";"0";"0";"0";"0";"0";"0";"0";"0";"2";"0";"0";"0";"0";"0";"0";"0";"0";"0";"2"
"430105 ARROIO DO SAL";"0";"0";"1";"0";"0";"0";"0";"0";"0";"0";"0";"0";"0";"0";"0";"0";"0";"0";"0";"0";"0";"0";"0";"0";"0";"0";"0";"0";"0";"0";"0";"0";"0";"0";"0";"0";"1"
"430110 ARROIO DOS RATOS";"0";"0";"0";"1";"0";"0";"0";"0";"0";"0";"0";"2";"0";"0";"0";"0";"0";"0";"0";"0";"0";"0";"0";"0";"0";"0";"0";"0";"0";"0";"0";"0";"0";"0";"0";"0";"3"
"430120 ARROIO DO TIGRE";"0";"0";"0";"0";"0";"0";"0";"0";"0";"0";"1";"0";"0";"0";"0";"0";"0";"0";"0";"0";"0";"0";"0";"0";"0";"0";"0";"0";"0";"0";"0";"0";"0";"0";"0";"0";"1"
"430160 BAGE";"0";"0";"0";"0";"0";"0";"0";"0";"0";"0";"1";"0";"0";"0";"1";"0";"0";"0";"0";"0";"0";"0";"1";"0";"0";"0";"0";"2";"0";"1";"0";"3";"1";"0";"0";"0";"10"
"430163 BALNEARIO PINHAL";"0";"0";"0";"0";"0";"0";"0";"0";"0";"0";"0";"0";"0";"0";"0";"0";"0";"0";"0";"0";"0";"0";"0";"0";"0";"0";"0";"0";"1";"0";"0";"0";"0";"0";"0";"0";"1"
"430190 BARRA DO RIBEIRO";"0";"0";"0";"0";"0";"0";"0";"0";"0";"0";"0";"0";"0";"0";"0";"0";"0";"0";"0";"0";"0";"0";"0";"0";"0";"0";"0";"0";"0";"0";"0";"0";"0";"0";"1";"0";"1"
"430210 BENTO GONCALVES";"0";"1";"0";"0";"0";"0";"0";"0";"0";"0";"0";"0";"0";"0";"0";"0";"0";"0";"0";"0";"0";"0";"0";"0";"0";"1";"0";"0";"0";"2";"4";"4";"0";"1";"2";"1";"16"
"430230 BOM JESUS";"0";"0";"0";"0";"0";"0";"0";"0";"0";"0";"0";"0";"0";"0";"0";"0";"0";"0";"0";"0";"0";"0";"0";"0";"1";"0";"0";"0";"0";"0";"0";"0";"0";"0";"0";"0";"1"
"430235 BOM PRINCIPIO";"0";"0";"0";"0";"0";"0";"0";"0";"0";"0";"0";"0";"0";"0";"0";"0";"0";"0";"0";"0";"0";"0";"0";"0";"0";"0";"0";"0";"0";"0";"0";"0";"0";"0";"1";"0";"1"
"430250 BOSSOROCA";"0";"0";"0";"0";"0";"0";"0";"0";"0";"0";"0";"0";"1";"0";"0";"0";"0";"0";"0";"0";"0";"0";"0";"1";"0";"0";"0";"0";"0";"0";"0";"0";"0";"0";"0";"0";"2"
"430270 BUTIA";"0";"0";"0";"0";"0";"0";"0";"0";"0";"0";"0";"1";"0";"0";"0";"0";"0";"0";"0";"0";"0";"0";"0";"0";"0";"0";"0";"1";"0";"1";"0";"0";"0";"0";"0";"0";"3"
"430280 CACAPAVA DO SUL";"0";"0";"0";"1";"0";"0";"0";"0";"0";"0";"0";"0";"0";"0";"0";"0";"0";"0";"0";"0";"0";"0";"0";"0";"0";"0";"0";"0";"0";"0";"1";"0";"0";"0";"0";"0";"2"
"430290 CACEQUI";"0";"0";"0";"1";"0";"0";"0";"0";"0";"0";"0";"0";"0";"0";"0";"0";"0";"0";"0";"0";"0";"0";"0";"0";"0";"0";"0";"1";"0";"0";"0";"0";"0";"0";"0";"0";"2"
"430300 CACHOEIRA DO SUL";"0";"0";"0";"0";"1";"0";"0";"0";"0";"0";"3";"2";"0";"0";"0";"0";"0";"0";"0";"0";"0";"0";"0";"0";"0";"1";"1";"2";"2";"1";"0";"3";"0";"2";"2";"1";"21"
"430310 CACHOEIRINHA";"2";"0";"0";"1";"0";"0";"0";"0";"0";"5";"0";"0";"1";"0";"0";"0";"0";"0";"0";"0";"0";"0";"0";"1";"0";"0";"0";"1";"0";"0";"2";"0";"0";"0";"0";"0";"13"
"430350 CAMAQUA";"0";"1";"0";"0";"0";"1";"0";"0";"0";"0";"1";"1";"0";"4";"0";"0";"0";"0";"0";"0";"0";"0";"0";"0";"0";"0";"0";"0";"0";"0";"0";"2";"0";"0";"0";"0";"10"
"430390 CAMPO BOM";"1";"0";"0";"0";"1";"0";"0";"0";"0";"2";"0";"0";"0";"2";"0";"1";"0";"0";"0";"0";"0";"0";"0";"5";"0";"0";"0";"2";"1";"0";"0";"0";"0";"0";"0";"0";"15"
"430420 CANDELARIA";"0";"0";"0";"0";"0";"0";"0";"0";"0";"0";"0";"0";"0";"0";"0";"0";"0";"0";"0";"0";"0";"0";"0";"0";"0";"0";"0";"0";"0";"2";"0";"0";"0";"0";"0";"0";"2"
"430440 CANELA";"0";"0";"0";"1";"1";"0";"0";"0";"0";"1";"0";"0";"0";"0";"0";"0";"0";"0";"0";"0";"0";"0";"0";"0";"0";"0";"0";"0";"0";"0";"0";"1";"0";"0";"1";"0";"5"
"430450 CANGUCU";"0";"0";"0";"0";"0";"0";"0";"0";"0";"0";"0";"0";"0";"0";"0";"0";"0";"0";"0";"0";"0";"0";"0";"0";"0";"1";"0";"1";"0";"0";"0";"0";"0";"0";"0";"0";"2"
"430460 CANOAS";"5";"7";"7";"3";"7";"2";"6";"5";"0";"5";"5";"3";"0";"0";"3";"0";"0";"0";"0";"0";"0";"0";"0";"1";"2";"0";"0";"0";"0";"3";"0";"0";"5";"5";"2";"8";"84"
"430463 CAPAO DA CANOA";"0";"0";"1";"0";"0";"0";"1";"0";"0";"1";"0";"0";"0";"0";"0";"0";"0";"0";"0";"0";"0";"0";"1";"0";"0";"0";"0";"0";"1";"0";"0";"2";"6";"0";"3";"0";"16"
"430465 CAPAO DO CIPO";"0";"0";"0";"0";"0";"0";"0";"0";"0";"0";"0";"0";"0";"0";"0";"0";"0";"0";"0";"0";"0";"0";"0";"0";"0";"0";"0";"0";"0";"1";"0";"0";"0";"0";"0";"0";"1"
"430470 CARAZINHO";"3";"1";"0";"0";"1";"0";"0";"0";"1";"0";"1";"0";"0";"0";"0";"0";"0";"0";"0";"0";"0";"0";"0";"0";"0";"0";"0";"0";"0";"0";"0";"0";"0";"0";"0";"0";"7"
"430480 CARLOS BARBOSA";"0";"0";"0";"0";"0";"0";"0";"0";"0";"0";"0";"0";"0";"0";"0";"0";"0";"0";"0";"1";"0";"0";"0";"0";"0";"0";"0";"0";"0";"0";"0";"0";"0";"0";"0";"0";"1"
"430500 CATUIPE";"0";"0";"0";"0";"0";"0";"0";"0";"0";"1";"0";"0";"0";"0";"1";"0";"0";"0";"0";"0";"0";"0";"0";"0";"0";"0";"0";"0";"0";"0";"0";"0";"0";"0";"0";"0";"2"
"430510 CAXIAS DO SUL";"3";"13";"16";"29";"14";"6";"11";"1";"4";"14";"4";"6";"2";"3";"3";"5";"7";"1";"2";"3";"5";"5";"3";"1";"2";"5";"6";"4";"4";"2";"3";"6";"1";"4";"2";"3";"203"
"430517 CERRO GRANDE DO SUL";"0";"0";"0";"0";"1";"0";"0";"0";"1";"0";"0";"0";"0";"0";"0";"0";"0";"0";"0";"0";"0";"0";"0";"0";"0";"0";"0";"0";"0";"0";"0";"0";"0";"0";"0";"0";"2"
"430535 CHARQUEADAS";"0";"0";"0";"0";"0";"1";"0";"0";"0";"0";"2";"0";"0";"0";"0";"0";"0";"0";"0";"0";"0";"0";"0";"0";"0";"0";"0";"0";"0";"0";"0";"0";"0";"0";"0";"0";"3"
"430545 CIDREIRA";"0";"0";"0";"0";"0";"0";"0";"0";"0";"0";"0";"0";"0";"0";"0";"0";"0";"0";"0";"0";"0";"0";"0";"0";"0";"0";"0";"0";"1";"0";"0";"12";"1";"0";"0";"0";"14"
"430570 CONDOR";"0";"0";"0";"0";"0";"0";"0";"0";"0";"0";"0";"0";"0";"0";"0";"0";"0";"0";"0";"0";"0";"0";"0";"0";"0";"0";"0";"0";"0";"0";"0";"0";"0";"1";"0";"0";"1"
"430590 CORONEL BICACO";"0";"0";"1";"0";"0";"0";"0";"0";"0";"0";"0";"0";"0";"0";"0";"0";"0";"0";"0";"0";"0";"0";"0";"0";"0";"0";"0";"0";"0";"0";"0";"0";"0";"0";"0";"0";"1"
"430610 CRUZ ALTA";"1";"0";"0";"1";"0";"0";"0";"0";"0";"0";"0";"0";"1";"1";"0";"1";"0";"0";"0";"0";"0";"0";"0";"0";"0";"0";"0";"1";"0";"1";"0";"1";"0";"0";"1";"0";"9"
"430635 DEZESSEIS DE NOVEMBRO";"0";"0";"0";"0";"1";"0";"0";"0";"0";"0";"0";"0";"0";"0";"0";"0";"0";"0";"0";"0";"0";"0";"0";"0";"0";"0";"0";"0";"0";"0";"0";"0";"0";"0";"0";"0";"1"
"430640 DOIS IRMAOS";"0";"0";"0";"0";"0";"0";"0";"0";"0";"0";"0";"0";"0";"0";"0";"0";"0";"0";"0";"0";"0";"0";"0";"0";"0";"0";"0";"0";"0";"0";"1";"0";"2";"2";"0";"0";"5"
"430660 DOM PEDRITO";"0";"0";"0";"0";"0";"0";"0";"0";"0";"0";"0";"0";"0";"0";"0";"0";"0";"0";"0";"0";"0";"0";"0";"0";"0";"0";"0";"0";"0";"0";"0";"0";"0";"1";"1";"1";"3"
"430670 DONA FRANCISCA";"0";"0";"0";"0";"0";"0";"0";"0";"0";"0";"1";"0";"0";"0";"0";"0";"0";"0";"0";"0";"0";"0";"0";"0";"0";"0";"0";"0";"1";"0";"0";"0";"0";"0";"0";"0";"2"
"430676 ELDORADO DO SUL";"2";"0";"0";"0";"0";"0";"0";"0";"1";"0";"0";"1";"0";"0";"0";"0";"0";"0";"0";"0";"0";"0";"0";"0";"0";"0";"0";"0";"0";"0";"0";"0";"0";"0";"0";"0";"4"
"430690 ENCRUZILHADA DO SUL";"0";"0";"0";"0";"0";"0";"0";"0";"0";"0";"0";"0";"0";"0";"0";"0";"0";"0";"0";"0";"0";"0";"0";"0";"0";"0";"0";"0";"1";"2";"0";"0";"1";"1";"0";"0";"5"
"430693 ENTRE-IJUIS";"1";"0";"0";"0";"0";"0";"0";"0";"0";"0";"0";"0";"0";"0";"0";"0";"0";"0";"0";"0";"0";"0";"0";"0";"0";"0";"0";"0";"0";"0";"0";"0";"0";"0";"0";"0";"1"
"430700 ERECHIM";"2";"0";"0";"0";"0";"0";"0";"0";"0";"0";"0";"0";"0";"0";"0";"2";"2";"0";"0";"3";"0";"1";"0";"0";"0";"3";"2";"1";"0";"1";"0";"1";"6";"0";"0";"0";"24"
"430720 ERVAL GRANDE";"0";"0";"0";"0";"0";"0";"0";"0";"0";"0";"0";"0";"0";"0";"0";"0";"0";"0";"0";"0";"0";"0";"0";"0";"0";"0";"0";"0";"0";"0";"0";"1";"0";"0";"0";"0";"1"
"430755 ESTACAO";"0";"0";"0";"0";"0";"0";"0";"0";"0";"0";"0";"0";"0";"0";"0";"0";"0";"0";"0";"0";"0";"0";"0";"0";"0";"0";"1";"0";"0";"0";"0";"0";"0";"0";"0";"0";"1"
"430760 ESTANCIA VELHA";"0";"0";"1";"0";"0";"0";"0";"0";"0";"0";"1";"0";"0";"0";"0";"0";"0";"0";"0";"0";"0";"0";"0";"1";"0";"2";"0";"0";"0";"0";"0";"0";"0";"0";"0";"2";"7"
"430770 ESTEIO";"2";"0";"0";"1";"0";"0";"0";"0";"0";"0";"0";"0";"0";"0";"0";"0";"0";"0";"0";"0";"0";"0";"0";"0";"0";"0";"0";"0";"0";"0";"0";"0";"0";"0";"0";"0";"3"
"430783 EUGENIO DE CASTRO";"0";"1";"0";"0";"0";"0";"0";"0";"0";"0";"0";"0";"0";"0";"0";"0";"0";"0";"0";"0";"0";"0";"0";"0";"0";"0";"1";"0";"0";"0";"0";"0";"0";"0";"0";"0";"2"
"430790 FARROUPILHA";"0";"0";"0";"0";"1";"1";"0";"0";"0";"1";"1";"0";"0";"0";"0";"0";"0";"0";"0";"0";"0";"0";"0";"0";"0";"0";"0";"0";"1";"0";"1";"0";"0";"1";"0";"1";"8"
"430810 FELIZ";"0";"0";"0";"0";"0";"0";"0";"0";"0";"0";"0";"0";"0";"0";"0";"0";"0";"0";"0";"0";"0";"0";"0";"0";"0";"0";"0";"0";"0";"0";"0";"0";"0";"0";"1";"0";"1"
"430820 FLORES DA CUNHA";"0";"0";"0";"1";"0";"0";"0";"0";"0";"1";"0";"1";"0";"0";"0";"0";"0";"0";"0";"0";"0";"0";"0";"0";"0";"0";"0";"0";"1";"1";"0";"1";"0";"0";"0";"0";"6"
"430890 GETULIO VARGAS";"0";"0";"0";"0";"0";"0";"0";"0";"0";"0";"0";"0";"0";"0";"0";"0";"0";"0";"0";"0";"0";"0";"0";"0";"0";"0";"0";"0";"0";"1";"0";"0";"0";"0";"0";"0";"1"
"430900 GIRUA";"0";"0";"0";"0";"0";"0";"0";"0";"0";"0";"0";"0";"0";"0";"0";"0";"0";"3";"0";"0";"0";"0";"0";"0";"0";"0";"0";"0";"0";"0";"0";"0";"0";"0";"0";"0";"3"
"430910 GRAMADO";"0";"0";"0";"1";"0";"0";"0";"0";"0";"0";"0";"0";"0";"0";"0";"0";"0";"0";"0";"0";"0";"0";"0";"0";"0";"0";"0";"0";"0";"0";"0";"0";"0";"0";"0";"0";"1"
"430920 GRAVATAI";"0";"2";"4";"5";"1";"0";"3";"2";"0";"0";"0";"1";"2";"0";"0";"0";"0";"0";"0";"0";"0";"0";"0";"1";"2";"1";"1";"2";"3";"3";"1";"3";"3";"1";"3";"0";"44"
"430930 GUAIBA";"1";"0";"0";"0";"1";"1";"0";"0";"0";"0";"0";"2";"0";"0";"0";"0";"0";"0";"0";"0";"0";"0";"0";"1";"0";"0";"0";"0";"3";"2";"0";"4";"0";"0";"3";"0";"18"
"430950 GUARANI DAS MISSOES";"0";"0";"0";"0";"0";"0";"0";"1";"0";"0";"0";"0";"0";"0";"0";"0";"0";"0";"0";"0";"0";"0";"0";"0";"1";"0";"0";"0";"0";"0";"0";"0";"0";"1";"0";"0";"3"
"430960 HORIZONTINA";"0";"0";"0";"0";"1";"0";"0";"0";"0";"0";"0";"0";"0";"0";"0";"0";"0";"0";"0";"0";"0";"0";"0";"0";"0";"0";"0";"0";"0";"0";"1";"1";"0";"1";"0";"1";"5"
"431000 IBIRUBA";"0";"0";"0";"0";"0";"1";"0";"0";"0";"0";"0";"0";"0";"0";"0";"0";"0";"0";"0";"0";"0";"0";"0";"0";"0";"0";"1";"0";"0";"0";"0";"0";"0";"0";"0";"0";"2"
"431010 IGREJINHA";"0";"0";"0";"0";"0";"1";"0";"0";"0";"0";"2";"0";"0";"0";"0";"0";"0";"0";"0";"0";"0";"0";"0";"0";"0";"0";"0";"0";"0";"0";"0";"0";"1";"0";"0";"0";"4"
"431020 IJUI";"0";"1";"1";"1";"1";"0";"1";"0";"0";"0";"0";"0";"0";"0";"0";"0";"0";"0";"0";"0";"0";"0";"0";"0";"1";"0";"0";"0";"2";"0";"2";"2";"0";"1";"1";"0";"14"
"431033 IMBE";"0";"0";"0";"0";"0";"0";"0";"0";"0";"0";"0";"0";"0";"0";"0";"0";"0";"0";"0";"0";"0";"0";"0";"0";"0";"0";"0";"0";"0";"0";"0";"0";"0";"2";"0";"0";"2"
"431060 ITAQUI";"0";"0";"0";"0";"0";"0";"0";"0";"0";"0";"0";"0";"0";"0";"0";"0";"0";"0";"0";"0";"0";"0";"0";"0";"0";"0";"0";"0";"0";"0";"0";"1";"4";"0";"1";"0";"6"
"431087 JACUIZINHO";"1";"0";"0";"0";"0";"0";"0";"0";"0";"0";"0";"0";"0";"0";"0";"0";"0";"0";"0";"0";"0";"0";"0";"0";"0";"0";"0";"0";"0";"0";"0";"0";"0";"0";"0";"0";"1"
"431115 JOIA";"0";"0";"0";"0";"0";"0";"0";"0";"0";"0";"0";"0";"0";"1";"0";"0";"0";"0";"0";"0";"0";"0";"0";"0";"0";"0";"0";"0";"0";"0";"0";"0";"0";"0";"0";"0";"1"
"431140 LAJEADO";"0";"0";"0";"1";"0";"0";"1";"1";"1";"1";"8";"7";"4";"5";"10";"5";"8";"1";"0";"0";"0";"0";"0";"2";"1";"1";"1";"0";"8";"0";"0";"4";"3";"7";"13";"0";"93"
"431173 MAMPITUBA";"0";"0";"0";"0";"0";"0";"0";"0";"0";"0";"0";"0";"0";"0";"4";"0";"0";"0";"0";"0";"0";"0";"0";"0";"0";"0";"0";"0";"0";"0";"0";"0";"0";"0";"0";"0";"4"
"431177 MAQUINE";"0";"0";"0";"0";"0";"0";"0";"0";"0";"0";"0";"0";"0";"0";"0";"0";"0";"0";"0";"0";"0";"0";"0";"0";"0";"0";"0";"0";"0";"0";"0";"1";"0";"0";"0";"0";"1"
"431225 MINAS DO LEAO";"1";"0";"0";"0";"0";"0";"0";"0";"0";"0";"0";"0";"0";"0";"0";"0";"0";"0";"0";"0";"0";"0";"0";"0";"0";"0";"0";"0";"0";"0";"0";"0";"0";"0";"0";"0";"1"
"431240 MONTENEGRO";"1";"1";"0";"0";"1";"1";"0";"0";"0";"0";"0";"0";"2";"0";"1";"0";"0";"0";"0";"0";"0";"0";"0";"1";"0";"0";"0";"0";"0";"0";"2";"0";"0";"1";"2";"0";"13"
"431242 MORMACO";"0";"0";"0";"0";"0";"1";"0";"1";"0";"0";"0";"0";"0";"0";"0";"0";"0";"0";"0";"0";"0";"0";"0";"0";"0";"0";"0";"0";"0";"0";"0";"0";"0";"0";"0";"0";"2"
"431250 MOSTARDAS";"0";"0";"0";"0";"0";"0";"0";"0";"0";"0";"0";"0";"0";"0";"0";"0";"0";"0";"0";"0";"0";"0";"0";"0";"0";"0";"0";"0";"0";"0";"0";"0";"0";"1";"1";"0";"2"
"431310 NOVA PALMA";"0";"0";"0";"0";"0";"0";"0";"0";"0";"0";"0";"0";"0";"0";"0";"0";"0";"0";"0";"0";"0";"0";"0";"0";"0";"1";"0";"0";"0";"0";"0";"0";"0";"0";"0";"0";"1"
"431320 NOVA PETROPOLIS";"0";"0";"0";"0";"1";"0";"0";"0";"0";"0";"0";"0";"0";"0";"0";"0";"0";"0";"0";"0";"0";"0";"0";"0";"0";"0";"0";"0";"0";"0";"0";"0";"0";"0";"0";"0";"1"
"431337 NOVA SANTA RITA";"0";"0";"1";"0";"0";"0";"0";"0";"0";"0";"0";"0";"0";"0";"0";"0";"0";"0";"0";"0";"0";"0";"0";"0";"0";"0";"0";"0";"0";"0";"0";"0";"0";"0";"0";"0";"1"
"431340 NOVO HAMBURGO";"1";"0";"1";"3";"3";"2";"4";"0";"0";"1";"3";"0";"0";"2";"0";"0";"0";"0";"0";"0";"0";"0";"0";"0";"1";"0";"0";"0";"0";"0";"0";"0";"30";"3";"0";"5";"59"
"431350 OSORIO";"0";"0";"0";"0";"0";"0";"0";"2";"0";"0";"0";"0";"0";"0";"0";"0";"0";"0";"0";"0";"0";"0";"0";"0";"0";"1";"0";"0";"0";"0";"0";"0";"0";"0";"1";"0";"4"
"431365 PALMARES DO SUL";"0";"0";"0";"0";"0";"0";"0";"0";"0";"0";"0";"0";"0";"1";"0";"0";"0";"0";"0";"0";"0";"0";"0";"0";"0";"0";"0";"0";"0";"1";"0";"0";"1";"0";"0";"0";"3"
"431370 PALMEIRA DAS MISSOES";"0";"0";"0";"0";"0";"0";"0";"0";"0";"0";"0";"0";"0";"0";"0";"0";"1";"0";"0";"0";"0";"0";"0";"0";"0";"0";"0";"0";"0";"0";"0";"0";"1";"0";"0";"0";"2"
"431390 PANAMBI";"0";"0";"0";"0";"0";"0";"0";"0";"0";"0";"0";"0";"1";"0";"0";"0";"0";"0";"0";"0";"0";"0";"0";"0";"0";"0";"0";"0";"0";"0";"0";"0";"0";"0";"0";"0";"1"
"431395 PANTANO GRANDE";"0";"1";"0";"0";"0";"0";"0";"0";"0";"0";"0";"0";"0";"0";"0";"0";"0";"0";"0";"0";"0";"0";"0";"0";"0";"0";"0";"0";"0";"0";"0";"1";"0";"0";"0";"0";"2"
"431403 PARECI NOVO";"0";"0";"0";"0";"0";"0";"0";"0";"0";"0";"0";"1";"0";"0";"0";"0";"0";"0";"0";"0";"0";"0";"0";"0";"0";"0";"0";"0";"0";"0";"0";"0";"0";"0";"0";"0";"1"
"431405 PAROBE";"0";"0";"0";"0";"0";"0";"0";"0";"0";"0";"1";"1";"1";"0";"0";"0";"0";"0";"0";"0";"0";"0";"0";"1";"0";"0";"0";"0";"0";"0";"0";"0";"0";"0";"0";"0";"4"
"431410 PASSO FUNDO";"0";"2";"2";"0";"9";"8";"0";"3";"0";"1";"0";"1";"4";"4";"2";"3";"0";"7";"6";"3";"4";"1";"3";"3";"0";"4";"2";"18";"6";"5";"5";"4";"3";"4";"3";"6";"126"
"431440 PELOTAS";"0";"0";"1";"0";"2";"3";"1";"1";"0";"0";"6";"2";"0";"0";"0";"2";"0";"0";"0";"0";"0";"4";"0";"5";"0";"8";"0";"2";"0";"0";"0";"2";"1";"0";"2";"0";"42"
"431480 PORTAO";"0";"0";"0";"0";"0";"0";"0";"0";"0";"0";"0";"0";"0";"0";"0";"0";"0";"0";"0";"0";"0";"0";"0";"0";"0";"0";"1";"0";"0";"0";"0";"1";"0";"0";"0";"0";"2"
"431490 PORTO ALEGRE";"97";"69";"55";"75";"61";"34";"17";"31";"64";"53";"58";"6";"43";"13";"17";"1";"34";"4";"90";"35";"1";"11";"17";"24";"12";"20";"4";"47";"45";"44";"20";"46";"56";"59";"44";"45";"1352"
"431550 RESTINGA SECA";"0";"0";"0";"0";"0";"0";"0";"0";"0";"0";"0";"0";"0";"0";"0";"0";"0";"0";"0";"0";"0";"0";"0";"0";"0";"0";"0";"0";"0";"1";"0";"0";"0";"0";"0";"0";"1"
"431560 RIO GRANDE";"1";"0";"0";"0";"0";"2";"1";"1";"1";"0";"0";"0";"2";"0";"0";"1";"0";"1";"0";"0";"2";"0";"3";"7";"1";"0";"4";"3";"2";"1";"3";"1";"2";"2";"4";"4";"49"
"431570 RIO PARDO";"0";"0";"0";"0";"0";"0";"0";"0";"0";"0";"0";"0";"0";"0";"0";"0";"0";"0";"0";"0";"0";"0";"0";"0";"0";"0";"0";"1";"1";"2";"3";"0";"0";"1";"0";"0";"8"
"431600 ROLANTE";"0";"0";"0";"0";"0";"0";"0";"0";"0";"0";"0";"0";"0";"0";"0";"0";"0";"0";"0";"0";"0";"0";"0";"0";"0";"0";"0";"0";"0";"0";"0";"1";"0";"0";"0";"0";"1"
"431640 ROSARIO DO SUL";"0";"0";"0";"0";"0";"0";"0";"0";"0";"0";"0";"0";"0";"0";"0";"0";"0";"0";"0";"0";"0";"0";"1";"0";"0";"0";"0";"0";"0";"0";"0";"0";"0";"0";"0";"0";"1"
"431680 SANTA CRUZ DO SUL";"3";"1";"1";"0";"1";"1";"1";"1";"0";"0";"2";"2";"0";"0";"0";"0";"0";"0";"0";"6";"0";"0";"0";"0";"0";"0";"0";"2";"2";"0";"2";"0";"2";"1";"2";"4";"34"
"431690 SANTA MARIA";"3";"5";"1";"6";"2";"6";"0";"4";"0";"4";"4";"0";"3";"3";"0";"0";"0";"0";"0";"4";"0";"0";"3";"6";"6";"3";"7";"7";"3";"9";"3";"16";"11";"18";"8";"12";"157"
"431720 SANTA ROSA";"0";"0";"0";"0";"0";"0";"0";"0";"0";"0";"0";"0";"0";"1";"0";"0";"0";"0";"0";"0";"0";"0";"2";"0";"0";"1";"1";"1";"0";"0";"0";"0";"1";"0";"0";"1";"8"
"431730 SANTA VITORIA DO PALMAR";"0";"0";"0";"0";"0";"0";"0";"0";"0";"1";"0";"0";"0";"0";"0";"0";"0";"0";"0";"0";"0";"0";"0";"0";"0";"0";"0";"0";"0";"0";"0";"0";"0";"0";"1";"0";"2"
"431740 SANTIAGO";"0";"0";"0";"0";"0";"0";"0";"0";"0";"1";"1";"1";"0";"0";"0";"0";"0";"0";"0";"0";"0";"0";"0";"1";"0";"1";"0";"0";"1";"0";"0";"0";"0";"0";"0";"0";"6"
"431750 SANTO ANGELO";"1";"0";"0";"1";"2";"0";"0";"0";"0";"0";"0";"1";"1";"2";"0";"2";"1";"1";"0";"0";"0";"0";"0";"0";"1";"0";"0";"0";"0";"0";"0";"0";"2";"1";"0";"2";"18"
"431760 SANTO ANTONIO DA PATRULHA";"0";"0";"0";"0";"0";"0";"0";"0";"1";"0";"0";"1";"0";"1";"0";"0";"0";"0";"0";"0";"0";"0";"1";"1";"0";"5";"0";"2";"2";"0";"0";"0";"0";"0";"0";"0";"14"
"431800 SAO BORJA";"1";"0";"0";"0";"0";"0";"0";"0";"0";"0";"0";"0";"0";"0";"0";"0";"0";"0";"0";"0";"0";"0";"0";"0";"1";"0";"0";"0";"0";"0";"0";"0";"0";"0";"0";"0";"2"
"431810 SAO FRANCISCO DE ASSIS";"0";"0";"0";"0";"0";"0";"0";"0";"0";"0";"0";"0";"0";"0";"0";"0";"0";"0";"0";"0";"0";"0";"0";"0";"0";"0";"0";"0";"1";"1";"0";"0";"0";"0";"0";"0";"2"
"431820 SAO FRANCISCO DE PAULA";"0";"1";"0";"0";"1";"0";"0";"0";"0";"0";"0";"0";"1";"0";"0";"0";"0";"0";"0";"0";"0";"0";"0";"1";"0";"0";"0";"0";"0";"0";"0";"0";"0";"0";"0";"0";"4"
"431830 SAO GABRIEL";"1";"0";"1";"0";"0";"1";"0";"1";"0";"0";"0";"1";"0";"0";"1";"0";"0";"0";"0";"0";"0";"0";"0";"0";"0";"0";"0";"1";"0";"1";"0";"0";"0";"1";"0";"0";"9"
"431840 SAO JERONIMO";"0";"0";"2";"0";"0";"0";"0";"0";"0";"0";"1";"2";"1";"0";"0";"0";"0";"0";"0";"0";"0";"0";"0";"1";"0";"0";"2";"1";"0";"0";"0";"0";"1";"1";"0";"0";"12"
"431870 SAO LEOPOLDO";"3";"4";"8";"2";"2";"2";"0";"0";"0";"3";"1";"0";"6";"0";"0";"0";"0";"0";"0";"0";"0";"0";"0";"1";"2";"6";"0";"7";"5";"1";"10";"2";"0";"5";"4";"4";"78"
"431890 SAO LUIZ GONZAGA";"0";"0";"1";"0";"0";"2";"0";"0";"0";"0";"1";"1";"0";"1";"0";"0";"0";"0";"0";"0";"0";"0";"0";"0";"1";"1";"0";"1";"2";"0";"0";"0";"0";"0";"0";"0";"11"
"431900 SAO MARCOS";"0";"0";"0";"0";"0";"0";"0";"0";"0";"0";"0";"0";"0";"0";"0";"0";"0";"0";"0";"0";"0";"0";"0";"0";"0";"0";"0";"0";"0";"0";"1";"1";"0";"0";"0";"0";"2"
"431920 SAO NICOLAU";"0";"0";"0";"0";"0";"0";"0";"0";"0";"0";"0";"0";"0";"1";"0";"0";"0";"0";"0";"0";"0";"0";"0";"0";"0";"0";"0";"0";"0";"0";"0";"0";"0";"0";"0";"0";"1"
"431940 SAO PEDRO DO SUL";"0";"0";"0";"0";"0";"0";"0";"0";"0";"0";"0";"0";"0";"0";"0";"0";"0";"0";"0";"0";"0";"0";"0";"0";"0";"0";"1";"0";"0";"0";"0";"0";"0";"0";"0";"0";"1"
"431950 SAO SEBASTIAO DO CAI";"0";"0";"0";"0";"0";"1";"0";"0";"0";"0";"0";"0";"0";"0";"0";"0";"0";"0";"0";"0";"0";"0";"0";"0";"0";"0";"0";"0";"0";"0";"0";"0";"0";"0";"0";"0";"1"
"431960 SAO SEPE";"0";"0";"0";"0";"0";"0";"1";"0";"0";"0";"0";"0";"0";"0";"0";"0";"0";"0";"0";"0";"0";"0";"0";"0";"2";"0";"0";"0";"1";"0";"0";"0";"1";"0";"0";"0";"5"
"431980 SAO VICENTE DO SUL";"0";"0";"0";"0";"0";"0";"0";"0";"0";"0";"0";"0";"0";"0";"0";"0";"0";"0";"0";"0";"0";"0";"0";"0";"0";"0";"0";"0";"0";"0";"0";"0";"1";"0";"0";"0";"1"
"431990 SAPIRANGA";"0";"0";"1";"0";"0";"0";"0";"0";"1";"0";"0";"0";"0";"0";"0";"0";"0";"0";"0";"0";"0";"0";"0";"0";"0";"0";"0";"0";"1";"2";"0";"3";"2";"0";"2";"0";"12"
"432000 SAPUCAIA DO SUL";"0";"2";"3";"2";"0";"1";"0";"0";"0";"2";"0";"0";"0";"0";"0";"0";"0";"0";"0";"0";"0";"0";"0";"0";"0";"0";"0";"0";"0";"0";"0";"0";"0";"0";"0";"0";"10"
"432010 SARANDI";"0";"0";"0";"0";"0";"0";"0";"0";"0";"0";"0";"0";"0";"1";"0";"0";"0";"0";"0";"0";"0";"0";"0";"0";"0";"0";"0";"0";"0";"0";"1";"0";"1";"1";"0";"0";"4"
"432026 SEGREDO";"0";"0";"0";"0";"0";"0";"0";"0";"0";"0";"1";"0";"0";"0";"0";"0";"0";"0";"0";"0";"0";"0";"0";"0";"0";"0";"0";"0";"0";"0";"0";"0";"0";"0";"0";"0";"1"
"432040 SERAFINA CORREA";"0";"0";"0";"0";"0";"0";"0";"0";"0";"0";"0";"0";"0";"0";"0";"0";"0";"0";"0";"0";"0";"0";"0";"0";"0";"0";"0";"0";"0";"0";"0";"1";"0";"0";"0";"0";"1"
"432067 SINIMBU";"0";"0";"0";"0";"0";"0";"0";"0";"0";"0";"0";"0";"0";"0";"0";"0";"0";"0";"0";"0";"0";"0";"0";"0";"0";"0";"0";"0";"0";"0";"1";"0";"0";"0";"0";"0";"1"
"432070 SOBRADINHO";"0";"0";"0";"0";"0";"0";"0";"0";"0";"0";"0";"1";"0";"0";"0";"0";"0";"0";"0";"0";"0";"0";"0";"0";"0";"0";"0";"0";"0";"0";"0";"0";"0";"1";"0";"0";"2"
"432080 SOLEDADE";"0";"0";"0";"0";"0";"0";"0";"0";"0";"0";"0";"0";"0";"0";"0";"0";"0";"0";"0";"0";"0";"0";"0";"0";"0";"0";"0";"0";"0";"0";"0";"0";"0";"0";"0";"2";"2"
"432110 TAPES";"1";"0";"0";"0";"0";"1";"0";"0";"0";"0";"0";"0";"0";"0";"0";"0";"0";"0";"0";"0";"0";"0";"0";"0";"0";"0";"0";"0";"0";"0";"0";"0";"0";"0";"0";"0";"2"
"432120 TAQUARA";"0";"0";"0";"0";"0";"0";"0";"0";"0";"0";"1";"1";"0";"3";"0";"0";"0";"0";"0";"0";"0";"0";"0";"1";"0";"2";"1";"0";"0";"1";"0";"0";"0";"0";"1";"0";"11"
"432130 TAQUARI";"0";"0";"0";"0";"0";"0";"0";"0";"0";"0";"0";"0";"0";"0";"0";"0";"0";"0";"0";"0";"0";"0";"0";"2";"0";"0";"0";"0";"0";"0";"0";"0";"0";"0";"0";"0";"2"
"432150 TORRES";"0";"0";"0";"0";"0";"0";"0";"0";"0";"0";"0";"0";"0";"0";"0";"0";"0";"0";"0";"0";"0";"0";"0";"0";"0";"0";"0";"0";"0";"0";"0";"1";"0";"0";"0";"0";"1"
"432160 TRAMANDAI";"0";"0";"0";"0";"1";"0";"0";"0";"0";"0";"0";"0";"0";"0";"0";"0";"0";"0";"0";"0";"0";"0";"0";"0";"0";"0";"0";"0";"0";"0";"0";"0";"0";"0";"0";"2";"3"
"432170 TRES COROAS";"0";"0";"0";"0";"0";"0";"0";"0";"0";"0";"0";"0";"0";"0";"0";"0";"0";"0";"0";"0";"0";"0";"0";"0";"0";"0";"0";"0";"0";"0";"0";"0";"2";"1";"0";"0";"3"
"432180 TRES DE MAIO";"1";"0";"0";"0";"0";"0";"0";"0";"0";"0";"0";"0";"0";"0";"0";"0";"0";"0";"0";"0";"0";"0";"0";"0";"0";"0";"0";"0";"0";"0";"0";"0";"0";"0";"0";"0";"1"
"432185 TRES PALMEIRAS";"0";"0";"0";"0";"0";"0";"0";"0";"0";"0";"0";"0";"0";"0";"0";"0";"0";"0";"0";"0";"0";"0";"0";"0";"0";"0";"0";"0";"0";"0";"1";"0";"0";"0";"0";"0";"1"
"432195 TRINDADE DO SUL";"0";"0";"0";"0";"0";"0";"0";"0";"0";"0";"0";"0";"0";"0";"0";"0";"0";"0";"0";"0";"0";"0";"0";"0";"0";"0";"0";"0";"0";"0";"0";"0";"0";"0";"0";"1";"1"
"432200 TRIUNFO";"0";"0";"0";"0";"0";"0";"0";"0";"0";"1";"0";"0";"0";"0";"0";"0";"0";"0";"0";"0";"0";"0";"0";"0";"0";"0";"0";"1";"2";"0";"0";"0";"0";"0";"0";"0";"4"
"432220 TUPANCIRETA";"0";"0";"0";"0";"0";"0";"0";"0";"0";"0";"0";"0";"0";"0";"0";"0";"0";"0";"0";"0";"0";"0";"0";"0";"1";"0";"0";"0";"0";"0";"0";"0";"0";"0";"0";"0";"1"
"432240 URUGUAIANA";"7";"2";"4";"1";"3";"4";"1";"0";"0";"2";"3";"2";"4";"3";"0";"0";"0";"0";"0";"0";"0";"0";"1";"3";"4";"2";"1";"0";"4";"0";"0";"2";"0";"2";"0";"0";"55"
"432250 VACARIA";"2";"0";"0";"0";"1";"0";"0";"0";"0";"0";"0";"0";"0";"0";"0";"0";"0";"0";"0";"0";"0";"0";"2";"0";"0";"0";"0";"0";"0";"0";"0";"0";"1";"3";"0";"0";"9"
"432260 VENANCIO AIRES";"1";"0";"1";"0";"1";"0";"0";"0";"0";"0";"1";"0";"1";"0";"0";"0";"0";"0";"0";"0";"0";"0";"0";"0";"0";"0";"0";"0";"0";"0";"0";"0";"2";"1";"0";"0";"8"
"432270 VERA CRUZ";"0";"0";"0";"0";"1";"0";"0";"0";"0";"0";"0";"0";"0";"0";"0";"0";"0";"0";"0";"0";"0";"0";"0";"0";"0";"0";"0";"0";"0";"0";"0";"0";"0";"0";"0";"0";"1"
"432280 VERANOPOLIS";"0";"0";"0";"0";"0";"0";"0";"0";"0";"0";"0";"1";"0";"1";"0";"0";"0";"0";"0";"0";"0";"0";"1";"0";"0";"1";"0";"0";"0";"0";"1";"0";"0";"1";"0";"0";"6"
"432300 VIAMAO";"3";"0";"0";"2";"0";"1";"2";"1";"0";"2";"0";"0";"0";"0";"0";"0";"0";"2";"0";"0";"0";"0";"0";"0";"0";"0";"0";"1";"4";"4";"1";"6";"0";"5";"4";"4";"42"
"432340 VILA MARIA";"0";"0";"0";"0";"0";"0";"0";"0";"0";"0";"0";"0";"0";"0";"0";"0";"0";"0";"0";"0";"0";"0";"0";"0";"0";"0";"0";"0";"0";"0";"0";"0";"0";"1";"0";"0";"1"
"432370 VISTA GAUCHA";"0";"1";"0";"0";"0";"0";"0";"0";"0";"0";"0";"0";"0";"0";"0";"0";"0";"0";"0";"0";"0";"0";"0";"0";"0";"0";"0";"0";"0";"0";"0";"0";"0";"0";"0";"0";"1"
"432377 WESTFALIA";"0";"0";"0";"0";"0";"0";"0";"0";"0";"1";"0";"0";"0";"0";"0";"0";"0";"0";"0";"0";"0";"0";"0";"0";"0";"0";"0";"0";"0";"0";"0";"0";"0";"0";"0";"0";"1"
"432380 XANGRI-LA";"0";"0";"0";"0";"0";"0";"0";"0";"0";"0";"0";"0";"0";"0";"0";"0";"0";"0";"0";"0";"0";"0";"0";"0";"0";"0";"0";"1";"0";"0";"0";"0";"0";"0";"0";"0";"1"
"500270 CAMPO GRANDE";"3";"4";"8";"21";"25";"24";"14";"11";"16";"4";"0";"4";"13";"4";"10";"4";"1";"9";"5";"1";"11";"3";"7";"12";"5";"12";"6";"3";"18";"0";"9";"12";"10";"23";"4";"15";"331"
"500370 DOURADOS";"0";"0";"0";"0";"0";"0";"0";"0";"0";"0";"0";"0";"0";"0";"0";"0";"0";"0";"0";"0";"0";"0";"0";"0";"0";"0";"0";"0";"0";"0";"0";"0";"0";"13";"0";"2";"15"
"500500 JARDIM";"0";"0";"0";"0";"0";"0";"0";"0";"0";"0";"0";"0";"0";"1";"0";"0";"0";"0";"0";"0";"0";"0";"0";"0";"0";"0";"0";"0";"0";"0";"0";"0";"0";"0";"0";"0";"1"
"500620 NOVA ANDRADINA";"0";"0";"0";"0";"0";"0";"0";"0";"0";"1";"1";"0";"0";"0";"0";"0";"0";"0";"0";"0";"0";"0";"0";"0";"0";"0";"0";"0";"0";"0";"0";"0";"0";"0";"0";"0";"2"
"500780 SELVIRIA";"0";"0";"0";"0";"0";"0";"0";"0";"0";"0";"0";"0";"0";"0";"0";"1";"0";"0";"0";"0";"0";"0";"0";"0";"0";"0";"0";"0";"0";"0";"0";"0";"0";"0";"0";"0";"1"
"510263 CAMPO NOVO DO PARECIS";"0";"0";"0";"0";"0";"0";"0";"0";"0";"0";"0";"0";"0";"0";"0";"0";"0";"0";"0";"0";"0";"0";"0";"1";"0";"0";"0";"0";"0";"0";"0";"0";"0";"0";"0";"0";"1"
"510340 CUIABA";"0";"0";"1";"1";"0";"5";"3";"1";"3";"3";"3";"0";"2";"1";"3";"2";"0";"0";"1";"8";"2";"0";"8";"4";"4";"1";"5";"3";"1";"4";"7";"3";"0";"5";"4";"0";"88"
"510515 JUINA";"0";"0";"0";"0";"0";"0";"0";"0";"0";"0";"0";"0";"0";"0";"0";"0";"0";"0";"0";"0";"0";"0";"0";"0";"0";"0";"0";"0";"0";"1";"1";"0";"0";"0";"0";"0";"2"
"510622 NOVA MUTUM";"0";"0";"0";"0";"0";"0";"0";"0";"0";"0";"0";"0";"0";"0";"0";"0";"0";"0";"0";"0";"0";"0";"0";"0";"0";"0";"0";"0";"0";"0";"0";"0";"0";"0";"0";"1";"1"
"510629 PARANAITA";"0";"0";"0";"0";"0";"0";"0";"0";"0";"0";"0";"0";"0";"0";"0";"0";"0";"0";"0";"0";"0";"0";"0";"0";"0";"0";"0";"0";"0";"0";"0";"0";"0";"1";"0";"0";"1"
"510792 SORRISO";"0";"0";"0";"0";"0";"0";"0";"0";"0";"0";"0";"0";"0";"0";"0";"0";"0";"0";"0";"0";"0";"0";"0";"0";"0";"0";"0";"0";"0";"0";"0";"0";"0";"0";"0";"1";"1"
"520410 CACHOEIRA ALTA";"0";"0";"0";"0";"0";"0";"0";"0";"0";"0";"0";"0";"0";"0";"0";"0";"0";"0";"0";"0";"0";"0";"0";"0";"0";"0";"0";"0";"0";"29";"0";"0";"0";"0";"0";"0";"29"
"520870 GOIANIA";"0";"0";"2";"0";"0";"3";"0";"2";"0";"0";"0";"0";"4";"4";"3";"5";"2";"1";"1";"30";"41";"0";"7";"0";"0";"2";"0";"1";"0";"4";"1";"0";"2";"2";"5";"1";"123"
"521210 JOVIANIA";"0";"1";"0";"0";"0";"0";"0";"0";"0";"0";"0";"0";"0";"0";"0";"0";"0";"0";"0";"0";"0";"0";"0";"0";"0";"0";"0";"0";"0";"0";"0";"0";"0";"0";"0";"0";"1"
"521250 LUZIANIA";"0";"0";"0";"0";"0";"0";"0";"0";"0";"0";"0";"0";"0";"0";"0";"0";"0";"0";"1";"0";"0";"0";"0";"0";"0";"0";"0";"0";"0";"0";"0";"0";"0";"0";"0";"0";"1"
"521400 MOZARLANDIA";"0";"0";"0";"0";"0";"0";"0";"0";"0";"0";"0";"0";"0";"0";"0";"0";"0";"0";"0";"0";"0";"0";"0";"0";"0";"0";"0";"0";"0";"0";"0";"0";"0";"1";"0";"0";"1"
"521880 RIO VERDE";"0";"0";"0";"0";"0";"0";"0";"0";"0";"0";"0";"0";"0";"0";"0";"0";"0";"0";"0";"0";"0";"0";"0";"0";"0";"0";"0";"0";"0";"0";"0";"0";"1";"0";"0";"0";"1"
"530010 BRASILIA";"23";"22";"25";"13";"19";"17";"28";"22";"24";"17";"10";"27";"30";"20";"21";"10";"6";"17";"19";"21";"23";"27";"15";"19";"34";"21";"28";"17";"18";"16";"13";"13";"8";"34";"24";"18";"719"
"Total";"1474";"1362";"1296";"1242";"1257";"1357";"1279";"1319";"1206";"1230";"1431";"1262";"1649";"1399";"1508";"1242";"1488";"1780";"1668";"1702";"1319";"1513";"1458";"2735";"1619";"1647";"1536";"1319";"1505";"1500";"1335";"6081";"1499";"1979";"1323";"1578";"58097"
